"FootprintId";"UserId";"PlaceId";"TimeVisited"
1;244;1132;"2019-05-09 08:33:06"
2;132;2196;"2019-07-31 11:52:14"
3;852;2201;"2018-11-10 21:27:11"
4;719;238;"2018-06-18 20:29:03"
5;758;2605;"2018-06-20 21:57:43"
6;462;742;"2018-11-11 10:22:59"
7;595;2707;"2019-10-07 17:06:22"
8;85;2211;"2017-12-18 04:29:38"
9;618;842;"2018-03-25 17:24:20"
10;661;806;"2019-07-06 05:50:22"
11;962;727;"2018-07-08 11:00:17"
12;767;774;"2019-08-29 22:19:03"
13;527;2576;"2018-06-14 23:25:58"
14;842;1213;"2018-12-18 23:00:27"
15;277;2802;"2018-04-07 08:36:22"
16;547;1139;"2019-11-11 05:21:40"
17;896;2863;"2019-04-15 15:51:09"
18;122;1829;"2018-12-30 00:05:16"
19;660;2532;"2019-11-07 08:55:14"
20;8;1274;"2019-05-22 02:03:48"
21;584;1416;"2018-10-10 21:21:24"
22;339;1503;"2017-12-16 09:47:51"
23;869;1720;"2018-10-26 15:03:09"
24;723;617;"2017-11-22 05:24:37"
25;401;375;"2019-05-24 03:45:33"
26;786;2143;"2019-06-25 15:37:13"
27;980;305;"2019-01-10 13:16:51"
28;552;291;"2019-11-02 10:15:35"
29;379;1080;"2019-04-12 19:26:38"
30;298;2066;"2018-06-26 22:36:45"
31;189;87;"2018-01-16 02:49:26"
32;503;846;"2019-03-06 10:35:22"
33;514;1383;"2019-10-11 10:29:32"
34;294;772;"2019-03-09 11:39:42"
35;67;1088;"2017-11-23 02:24:46"
36;360;673;"2018-12-09 17:59:04"
37;876;1197;"2018-04-19 13:18:27"
38;47;2887;"2019-01-29 22:55:13"
39;704;742;"2018-05-18 10:15:37"
40;282;2209;"2018-05-24 08:55:02"
41;622;1111;"2018-01-07 03:43:06"
42;249;1138;"2018-10-09 22:18:24"
43;157;822;"2018-01-31 16:43:10"
44;338;263;"2019-06-03 04:48:47"
45;105;303;"2018-04-28 09:34:54"
46;870;354;"2018-09-28 14:18:26"
47;709;984;"2018-11-14 07:06:53"
48;968;2723;"2019-05-17 03:36:19"
49;456;2067;"2018-08-17 13:31:32"
50;7;2385;"2019-04-23 06:33:47"
51;369;2867;"2018-04-26 12:46:46"
52;309;442;"2018-07-18 02:53:25"
53;930;676;"2019-07-14 20:33:07"
54;844;427;"2019-05-20 22:04:11"
55;496;2140;"2019-11-03 05:45:27"
56;691;1540;"2018-02-17 12:22:59"
57;95;1540;"2019-03-31 03:39:22"
58;273;1418;"2018-01-04 05:17:36"
59;597;2776;"2019-03-30 18:22:42"
60;959;2019;"2019-04-01 11:38:45"
61;655;1258;"2019-08-28 14:11:48"
62;774;624;"2018-06-21 11:39:33"
63;239;2462;"2019-05-12 09:36:40"
64;226;805;"2019-10-21 03:59:35"
65;200;2826;"2018-11-29 16:03:14"
66;161;2359;"2018-12-11 04:22:33"
67;143;1508;"2018-03-01 19:14:32"
68;120;2652;"2019-05-22 21:24:02"
69;689;308;"2019-04-16 07:09:47"
70;332;929;"2018-11-10 02:37:38"
71;613;1885;"2019-10-26 11:46:06"
72;953;961;"2018-01-18 07:57:31"
73;81;1360;"2018-06-21 22:19:32"
74;590;2519;"2017-12-05 20:34:10"
75;260;1852;"2018-06-03 18:01:55"
76;643;924;"2018-11-17 16:41:06"
77;987;1846;"2018-01-11 17:35:05"
78;198;1074;"2018-08-02 18:46:39"
79;914;1431;"2019-04-04 07:14:02"
80;292;2111;"2018-07-06 07:25:32"
81;261;2116;"2018-04-22 15:58:45"
82;977;2803;"2018-07-22 10:21:40"
83;489;462;"2018-02-05 21:22:18"
84;712;12;"2019-11-10 08:13:23"
85;56;606;"2018-05-06 09:46:33"
86;630;2226;"2018-09-25 12:46:50"
87;442;1160;"2018-03-15 00:01:56"
88;890;725;"2018-04-18 15:33:03"
89;590;77;"2018-09-17 10:24:38"
90;684;67;"2018-09-24 15:51:58"
91;92;1031;"2018-03-27 01:08:29"
92;184;1452;"2019-06-13 07:22:44"
93;430;1862;"2019-04-21 15:37:20"
94;283;2648;"2018-06-10 04:03:31"
95;279;2113;"2019-08-20 19:02:51"
96;633;974;"2019-06-18 10:22:31"
97;574;1331;"2018-09-12 00:00:52"
98;789;1758;"2018-01-02 19:40:17"
99;930;24;"2018-12-15 15:26:01"
100;425;2056;"2019-01-10 02:33:27"
101;167;1129;"2018-02-16 12:02:46"
102;993;688;"2019-06-12 14:15:37"
103;129;797;"2018-10-10 02:02:39"
104;402;2809;"2018-09-04 08:31:45"
105;796;1365;"2019-08-03 16:09:48"
106;980;1884;"2019-05-03 12:30:10"
107;548;1988;"2019-08-11 15:27:07"
108;867;2280;"2018-08-09 08:21:44"
109;303;246;"2018-06-24 07:23:08"
110;791;1578;"2019-07-29 16:53:35"
111;733;1961;"2019-08-05 09:52:29"
112;501;382;"2018-12-19 19:04:10"
113;834;1257;"2018-03-23 01:04:04"
114;675;67;"2019-01-19 20:38:36"
115;734;681;"2018-11-27 08:49:17"
116;791;1726;"2018-06-19 05:32:37"
117;952;607;"2018-06-23 00:03:11"
118;729;2025;"2019-05-06 19:08:04"
119;108;1786;"2018-10-09 01:23:01"
120;97;1135;"2019-06-11 11:04:42"
121;142;2463;"2019-03-13 03:56:56"
122;637;2543;"2018-07-08 17:45:18"
123;874;1999;"2018-11-12 12:06:57"
124;499;985;"2019-07-19 09:48:36"
125;39;752;"2019-02-24 01:42:22"
126;808;2227;"2017-11-28 06:59:18"
127;59;642;"2018-10-02 05:15:22"
128;457;324;"2018-07-19 03:14:55"
129;19;401;"2018-06-11 12:52:17"
130;184;1938;"2019-04-25 13:11:50"
131;589;992;"2019-01-24 10:14:18"
132;805;2636;"2018-06-15 06:45:29"
133;979;2568;"2018-03-23 00:43:06"
134;261;1722;"2018-05-01 00:39:03"
135;269;1589;"2017-12-12 12:27:49"
136;552;1387;"2019-05-28 12:44:52"
137;19;106;"2019-11-20 06:19:09"
138;580;1598;"2018-12-08 20:18:46"
139;380;2576;"2019-05-30 15:44:02"
140;795;1819;"2018-12-12 03:33:01"
141;945;680;"2018-09-24 15:44:00"
142;246;2486;"2019-10-02 11:50:32"
143;214;1869;"2018-03-15 15:30:31"
144;22;200;"2019-03-11 10:27:10"
145;41;1084;"2018-01-28 10:58:01"
146;610;2215;"2018-05-08 20:25:13"
147;837;2192;"2019-08-16 23:29:59"
148;959;2563;"2018-08-11 16:57:15"
149;443;458;"2018-10-30 08:01:01"
150;727;1557;"2018-05-08 09:09:06"
151;803;1323;"2019-06-01 18:14:57"
152;111;1086;"2018-10-16 19:43:58"
153;553;1114;"2018-11-03 02:22:31"
154;409;1532;"2018-08-15 11:29:01"
155;475;992;"2018-01-10 13:16:36"
156;570;1314;"2019-11-12 22:19:11"
157;698;710;"2018-12-27 07:00:35"
158;946;305;"2018-10-02 07:29:08"
159;423;2378;"2018-02-16 12:17:38"
160;642;1652;"2018-02-04 23:36:19"
161;183;1346;"2019-03-10 07:07:15"
162;597;2741;"2019-04-18 23:38:53"
163;112;1923;"2019-02-08 23:59:01"
164;365;420;"2019-03-27 03:53:48"
165;594;1774;"2017-11-29 21:36:29"
166;735;577;"2018-06-01 12:54:42"
167;15;1634;"2019-10-03 07:00:40"
168;36;563;"2019-03-18 08:45:58"
169;95;1832;"2018-03-17 19:15:49"
170;442;1316;"2019-11-14 14:13:00"
171;428;2612;"2018-11-26 18:50:32"
172;830;1486;"2018-01-16 14:03:05"
173;169;2655;"2018-08-08 15:43:13"
174;843;372;"2018-08-08 00:57:34"
175;152;1672;"2017-12-30 13:08:23"
176;514;2599;"2018-01-13 20:11:07"
177;438;2261;"2019-08-19 06:09:26"
178;133;2726;"2018-05-02 12:43:39"
179;444;2576;"2018-06-14 13:13:56"
180;763;2891;"2019-09-18 16:32:32"
181;104;2027;"2018-03-31 11:28:03"
182;68;1497;"2019-02-21 12:25:14"
183;265;1450;"2018-02-18 13:45:36"
184;709;1724;"2018-04-01 05:51:05"
185;94;2747;"2019-07-15 03:04:08"
186;15;1157;"2018-09-06 08:00:19"
187;465;1631;"2018-09-08 16:56:42"
188;809;819;"2019-03-29 04:58:06"
189;52;293;"2019-11-09 13:19:21"
190;432;1509;"2019-08-15 00:41:19"
191;872;2725;"2019-03-05 00:02:09"
192;548;602;"2018-11-16 17:41:13"
193;295;2126;"2018-07-05 23:42:22"
194;383;146;"2019-07-03 03:18:58"
195;290;296;"2018-05-14 17:23:19"
196;362;2698;"2018-12-02 18:18:26"
197;779;920;"2019-07-08 06:01:08"
198;251;2308;"2019-08-24 05:48:48"
199;762;820;"2019-06-03 16:13:05"
200;483;2149;"2019-03-21 13:52:27"
201;419;1924;"2018-11-03 23:26:54"
202;648;1969;"2018-02-12 10:57:20"
203;923;2656;"2019-10-02 19:31:01"
204;858;1219;"2018-12-02 18:52:03"
205;521;1162;"2018-03-01 04:30:24"
206;347;1957;"2019-08-30 06:56:20"
207;937;115;"2019-10-10 06:33:00"
208;909;612;"2019-02-22 09:05:07"
209;855;1658;"2018-03-14 03:39:47"
210;706;2381;"2019-07-31 02:19:26"
211;726;540;"2019-03-16 11:29:46"
212;864;842;"2018-02-26 23:34:06"
213;344;1093;"2018-07-01 22:41:38"
214;807;934;"2018-03-02 17:38:49"
215;881;349;"2019-09-12 01:42:24"
216;16;2861;"2019-04-29 21:26:37"
217;421;2057;"2018-03-14 06:10:57"
218;518;925;"2019-10-30 13:14:39"
219;423;209;"2018-03-20 09:00:02"
220;220;2746;"2019-03-26 16:56:57"
221;825;1794;"2019-03-18 22:53:28"
222;280;2380;"2019-07-13 13:22:28"
223;807;581;"2018-05-31 11:52:45"
224;686;2692;"2018-02-25 17:44:37"
225;745;362;"2019-08-01 13:22:26"
226;978;1205;"2019-03-03 20:17:44"
227;712;1035;"2018-06-13 04:29:46"
228;755;382;"2019-08-27 11:49:22"
229;626;2884;"2019-02-20 17:44:37"
230;373;1349;"2019-02-03 10:10:52"
231;981;2431;"2018-12-17 21:05:35"
232;583;2742;"2019-06-03 02:55:34"
233;446;1884;"2019-07-11 14:35:24"
234;283;1364;"2019-02-26 07:35:10"
235;656;2493;"2019-05-14 19:18:58"
236;822;1492;"2017-11-29 12:17:24"
237;558;1680;"2017-11-21 09:14:57"
238;561;1600;"2019-01-22 03:20:34"
239;542;2650;"2019-02-14 21:59:54"
240;524;2341;"2019-01-23 05:19:25"
241;869;1136;"2019-04-24 16:07:49"
242;536;1097;"2017-12-06 07:27:45"
243;745;2884;"2018-03-15 22:44:54"
244;61;116;"2019-04-02 22:55:51"
245;612;2751;"2019-09-11 13:55:55"
246;397;2253;"2019-05-04 23:07:25"
247;83;1266;"2018-07-24 05:49:07"
248;41;2700;"2018-03-27 04:31:56"
249;356;812;"2018-07-21 11:43:06"
250;362;271;"2018-10-22 17:29:35"
251;386;2746;"2019-10-26 20:48:28"
252;966;2884;"2018-04-13 04:56:53"
253;82;2738;"2019-02-08 11:04:33"
254;530;1482;"2018-09-03 00:20:34"
255;216;1094;"2018-12-08 06:24:56"
256;47;1990;"2019-10-28 00:57:07"
257;121;2204;"2018-02-05 22:00:31"
258;620;625;"2019-04-30 00:54:27"
259;219;796;"2019-06-17 02:01:39"
260;639;903;"2018-06-26 18:48:24"
261;875;1864;"2019-09-25 22:23:38"
262;686;570;"2018-01-06 14:50:17"
263;151;301;"2019-10-07 13:33:58"
264;904;754;"2018-08-06 20:59:18"
265;994;2574;"2018-10-21 07:01:54"
266;822;731;"2019-01-24 03:05:28"
267;710;1590;"2019-05-06 11:26:41"
268;664;1361;"2019-02-28 09:58:57"
269;225;801;"2019-04-03 02:24:58"
270;155;2454;"2019-03-04 17:48:24"
271;569;1525;"2018-02-01 17:49:47"
272;8;1816;"2018-05-01 08:51:25"
273;518;592;"2019-04-06 20:53:23"
274;214;2645;"2018-04-21 18:16:49"
275;158;522;"2018-01-11 17:34:55"
276;251;48;"2019-02-26 00:16:51"
277;414;715;"2018-02-12 07:15:45"
278;548;866;"2018-01-05 17:50:34"
279;273;1167;"2018-12-22 20:42:02"
280;641;1245;"2019-03-05 19:53:35"
281;145;2001;"2019-04-15 09:39:25"
282;337;86;"2018-09-20 08:50:07"
283;36;960;"2018-12-02 05:41:52"
284;346;2603;"2018-12-02 07:34:23"
285;427;2702;"2019-05-21 15:27:50"
286;236;1690;"2018-05-12 15:15:18"
287;124;911;"2018-07-06 11:01:56"
288;314;1725;"2019-01-23 23:29:34"
289;808;1595;"2019-07-08 05:34:03"
290;666;953;"2019-01-21 22:17:05"
291;219;1913;"2019-08-23 16:25:21"
292;763;2310;"2018-08-12 23:28:22"
293;77;310;"2018-07-25 23:08:51"
294;201;2149;"2019-07-02 12:43:04"
295;424;2065;"2019-09-02 17:03:03"
296;76;2193;"2018-02-02 00:16:38"
297;80;366;"2019-01-04 07:45:37"
298;249;2821;"2019-09-28 02:01:29"
299;875;2179;"2018-12-18 17:55:09"
300;129;2525;"2019-09-18 02:33:23"
301;951;892;"2018-06-23 09:20:01"
302;259;1694;"2019-08-10 17:52:02"
303;755;2023;"2018-07-23 15:29:00"
304;103;2879;"2018-05-22 20:19:44"
305;953;1118;"2018-02-09 08:57:52"
306;102;781;"2018-06-18 00:30:09"
307;743;951;"2018-05-26 12:45:14"
308;42;938;"2019-11-01 00:31:17"
309;625;2229;"2018-04-01 06:36:07"
310;250;375;"2018-11-21 22:58:30"
311;918;2782;"2019-10-07 05:55:48"
312;405;1277;"2018-02-04 08:01:16"
313;14;2215;"2019-11-05 09:04:58"
314;142;719;"2018-03-16 09:40:07"
315;11;318;"2018-04-13 17:23:01"
316;859;41;"2018-12-21 20:13:24"
317;319;261;"2018-01-06 15:06:10"
318;237;2619;"2018-08-25 03:22:28"
319;519;985;"2018-09-12 09:20:04"
320;864;1065;"2018-10-26 19:16:54"
321;77;248;"2018-10-23 20:18:31"
322;802;1643;"2019-06-26 01:26:01"
323;246;1290;"2019-10-05 20:18:09"
324;641;1697;"2018-11-16 20:04:53"
325;793;1557;"2019-05-28 20:07:06"
326;533;2104;"2019-03-23 02:53:33"
327;587;1072;"2019-11-07 15:30:21"
328;391;61;"2018-03-02 09:54:42"
329;598;1727;"2018-10-18 05:52:13"
330;976;733;"2018-06-04 14:46:42"
331;181;1256;"2019-03-09 19:30:24"
332;493;2795;"2019-02-07 07:36:25"
333;909;1323;"2019-07-12 01:00:04"
334;298;878;"2018-11-16 11:29:23"
335;363;1868;"2019-10-22 02:31:42"
336;307;2578;"2019-03-08 18:37:37"
337;165;1631;"2018-12-20 08:09:17"
338;802;206;"2019-10-24 06:41:17"
339;588;873;"2018-12-05 17:00:57"
340;946;1453;"2018-06-05 04:19:19"
341;155;58;"2019-01-06 09:16:20"
342;826;2778;"2019-11-07 12:21:45"
343;447;1933;"2019-01-26 19:47:23"
344;373;104;"2018-02-14 05:26:47"
345;993;106;"2018-12-03 15:17:27"
346;329;949;"2019-10-26 06:37:40"
347;844;256;"2018-03-09 07:07:44"
348;399;1882;"2018-06-12 12:44:23"
349;956;1742;"2018-01-25 00:31:22"
350;188;2651;"2019-11-12 17:31:25"
351;599;760;"2019-09-10 17:11:21"
352;445;1599;"2019-01-08 10:08:44"
353;453;1537;"2018-11-08 09:54:23"
354;604;1611;"2018-12-11 19:04:54"
355;408;1548;"2018-05-09 01:58:28"
356;592;1945;"2017-12-27 10:50:48"
357;990;2133;"2019-01-30 06:04:07"
358;852;2208;"2019-04-12 10:05:55"
359;789;2723;"2019-08-29 08:49:10"
360;492;2308;"2018-10-26 00:41:03"
361;192;945;"2018-03-17 18:57:40"
362;820;1;"2019-07-22 08:09:12"
363;206;1611;"2018-08-08 14:28:09"
364;39;1073;"2018-01-22 04:33:35"
365;38;1339;"2019-04-16 21:13:48"
366;94;57;"2017-12-08 08:54:13"
367;872;424;"2018-03-13 01:55:16"
368;242;644;"2019-08-08 18:04:02"
369;3;812;"2018-11-15 19:53:40"
370;661;307;"2018-01-02 01:49:28"
371;258;669;"2019-05-19 01:52:53"
372;343;776;"2018-01-04 03:51:32"
373;405;2351;"2018-11-16 21:20:42"
374;267;1786;"2018-08-30 18:56:41"
375;721;1835;"2017-12-12 10:49:28"
376;138;2278;"2019-02-12 20:46:37"
377;863;1175;"2018-04-19 15:13:52"
378;29;2483;"2018-12-31 00:50:31"
379;351;1332;"2019-10-21 06:14:30"
380;932;1606;"2019-02-05 13:18:51"
381;83;2653;"2018-02-24 06:34:53"
382;801;163;"2018-08-28 06:44:10"
383;681;1688;"2017-12-17 15:01:54"
384;119;1980;"2018-11-29 07:02:36"
385;948;1141;"2019-04-10 12:52:20"
386;913;1464;"2018-05-14 06:21:56"
387;709;2131;"2019-01-26 17:15:10"
388;526;2706;"2019-04-03 15:57:51"
389;823;1;"2018-04-11 02:41:07"
390;971;84;"2019-10-27 01:28:19"
391;834;252;"2019-01-08 01:10:19"
392;865;2778;"2018-03-03 08:04:12"
393;2;2753;"2019-02-13 01:45:28"
394;25;1516;"2018-04-09 22:55:39"
395;965;82;"2019-09-11 11:09:02"
396;984;268;"2019-09-04 19:28:20"
397;356;1603;"2018-12-07 15:52:16"
398;753;913;"2019-09-26 18:50:13"
399;143;1178;"2019-03-19 00:30:23"
400;394;2077;"2019-07-15 14:07:13"
401;502;1338;"2018-04-20 05:32:26"
402;972;200;"2018-07-12 08:10:46"
403;204;343;"2019-10-08 23:51:51"
404;851;1297;"2019-03-23 18:22:36"
405;550;1696;"2019-07-10 19:18:35"
406;965;2867;"2018-06-23 21:27:11"
407;914;1954;"2019-09-22 16:17:59"
408;992;1981;"2018-11-13 00:09:03"
409;216;696;"2019-11-16 12:59:17"
410;595;653;"2018-04-25 00:28:07"
411;513;966;"2019-04-02 06:24:23"
412;309;2192;"2018-04-14 08:28:27"
413;593;1652;"2019-09-11 04:49:32"
414;887;689;"2019-02-17 07:07:25"
415;162;1712;"2018-12-04 00:44:08"
416;762;1165;"2019-09-09 02:38:36"
417;226;1540;"2019-10-20 12:00:39"
418;440;1229;"2019-07-27 07:16:21"
419;219;1757;"2019-07-27 19:26:22"
420;117;1896;"2018-03-30 10:25:10"
421;848;2820;"2019-01-23 00:44:54"
422;6;2048;"2019-05-03 21:12:13"
423;479;1729;"2018-03-02 21:32:25"
424;855;2085;"2018-09-18 01:35:40"
425;679;2831;"2019-11-10 03:01:56"
426;823;498;"2018-01-19 08:30:40"
427;253;201;"2019-04-10 04:24:00"
428;251;2833;"2019-06-11 01:04:40"
429;985;58;"2019-02-07 08:16:03"
430;255;26;"2018-01-07 23:41:45"
431;642;2652;"2018-03-15 12:20:08"
432;861;1155;"2018-03-23 19:57:58"
433;385;2568;"2018-12-23 12:30:58"
434;615;687;"2018-12-12 15:49:34"
435;505;463;"2018-09-04 11:33:48"
436;783;382;"2018-03-23 13:41:56"
437;979;2829;"2017-12-07 11:24:34"
438;669;1424;"2018-10-20 00:45:51"
439;920;503;"2018-08-06 10:52:34"
440;110;1126;"2018-04-25 11:31:01"
441;747;1114;"2018-11-21 18:15:56"
442;756;36;"2018-03-30 03:43:35"
443;146;1539;"2018-03-07 16:56:03"
444;220;1957;"2019-04-21 12:28:00"
445;894;2338;"2019-03-13 15:49:09"
446;923;589;"2018-01-14 00:56:16"
447;518;701;"2019-03-07 17:31:52"
448;443;1386;"2018-09-10 09:00:27"
449;830;316;"2018-10-14 20:37:29"
450;461;2096;"2017-12-11 11:24:47"
451;187;261;"2019-06-15 14:07:39"
452;971;589;"2018-12-05 15:46:55"
453;512;2821;"2019-03-27 05:37:12"
454;903;1028;"2019-03-15 06:04:05"
455;814;784;"2019-08-23 20:18:34"
456;309;1143;"2018-07-27 02:06:23"
457;506;2792;"2019-05-25 08:07:31"
458;553;1692;"2018-06-08 01:37:09"
459;798;992;"2019-02-05 08:06:24"
460;443;1784;"2018-08-11 08:11:42"
461;850;1149;"2018-10-15 19:07:08"
462;144;2595;"2018-09-21 10:16:10"
463;50;2508;"2018-03-08 22:44:28"
464;966;1952;"2018-01-29 15:45:22"
465;615;522;"2018-11-15 16:35:30"
466;621;2875;"2018-05-31 10:22:50"
467;826;1389;"2019-04-17 16:07:11"
468;634;840;"2019-09-24 08:45:44"
469;635;821;"2019-01-05 10:32:19"
470;339;140;"2019-07-24 22:41:51"
471;308;776;"2017-12-27 08:32:30"
472;881;1241;"2018-07-07 00:24:48"
473;915;2807;"2019-03-04 05:19:38"
474;171;2095;"2019-07-13 10:14:51"
475;548;1546;"2017-11-22 18:17:17"
476;245;2761;"2019-03-29 07:11:52"
477;119;630;"2019-06-24 01:48:25"
478;847;2040;"2019-04-02 08:01:04"
479;272;1595;"2019-08-10 09:45:50"
480;812;1720;"2019-04-15 15:53:05"
481;356;1637;"2019-11-13 02:49:50"
482;809;1493;"2019-10-27 18:27:22"
483;696;103;"2018-07-27 15:45:08"
484;384;1883;"2018-06-15 10:39:07"
485;833;1372;"2018-08-27 11:22:02"
486;547;390;"2018-05-15 12:43:11"
487;315;312;"2018-12-05 12:31:55"
488;997;2219;"2019-08-30 22:46:30"
489;862;515;"2018-08-11 08:45:47"
490;571;2436;"2018-04-12 22:40:52"
491;379;1900;"2018-09-01 11:12:30"
492;346;2381;"2019-11-16 07:20:24"
493;123;185;"2019-01-04 20:01:14"
494;341;1658;"2019-10-16 04:32:56"
495;508;1883;"2019-01-07 11:20:43"
496;445;2701;"2019-05-27 21:36:39"
497;720;2236;"2018-12-21 16:24:00"
498;616;652;"2019-04-12 06:56:45"
499;153;2606;"2018-12-15 08:41:57"
500;596;2340;"2019-03-31 12:48:25"
501;1000;2156;"2018-01-07 16:00:44"
502;561;2382;"2017-12-12 05:42:08"
503;613;2805;"2018-10-17 05:49:52"
504;306;1333;"2019-08-08 06:57:41"
505;386;2174;"2019-08-06 17:36:25"
506;628;312;"2019-08-30 08:46:25"
507;574;1762;"2018-12-19 17:23:52"
508;875;792;"2019-01-25 17:44:37"
509;12;1395;"2019-10-26 07:57:13"
510;261;942;"2018-09-29 14:59:50"
511;980;1872;"2018-11-28 19:32:09"
512;986;330;"2018-07-09 20:31:19"
513;468;2631;"2018-02-15 16:44:20"
514;48;336;"2018-11-18 18:37:36"
515;527;1830;"2018-07-05 05:06:12"
516;546;2163;"2019-03-23 11:50:30"
517;291;1869;"2019-06-16 04:01:34"
518;367;209;"2019-09-21 01:48:26"
519;444;1506;"2019-09-09 02:50:42"
520;635;2355;"2018-04-21 13:00:10"
521;227;2070;"2018-10-19 02:08:52"
522;112;2475;"2019-06-07 01:02:40"
523;991;2647;"2018-03-08 13:08:01"
524;491;597;"2018-05-16 15:17:31"
525;792;1563;"2019-08-21 09:27:06"
526;920;1339;"2019-05-24 11:35:45"
527;38;2028;"2019-04-24 16:23:25"
528;632;196;"2019-10-30 01:35:26"
529;79;2333;"2018-12-13 12:10:17"
530;374;792;"2019-10-02 16:11:28"
531;518;181;"2019-07-30 01:20:34"
532;63;1118;"2018-07-05 00:28:18"
533;585;2523;"2018-07-31 16:47:33"
534;373;2676;"2019-03-27 10:54:16"
535;844;979;"2019-05-19 13:10:33"
536;481;1394;"2018-01-01 16:01:57"
537;624;767;"2018-10-31 06:00:36"
538;265;1287;"2019-03-28 13:16:06"
539;514;308;"2018-11-07 17:57:32"
540;633;1959;"2018-05-22 17:50:01"
541;748;2659;"2019-07-11 11:31:02"
542;142;325;"2018-07-22 13:09:03"
543;772;2015;"2018-08-18 10:50:41"
544;81;2889;"2018-10-08 16:31:31"
545;70;1473;"2019-02-14 20:06:54"
546;859;1625;"2018-05-31 07:50:38"
547;280;358;"2019-03-15 13:24:19"
548;180;1370;"2019-02-22 07:14:33"
549;406;2012;"2019-01-18 06:23:20"
550;355;2300;"2018-02-14 19:36:55"
551;558;2033;"2019-06-17 12:08:27"
552;300;546;"2019-03-29 16:46:53"
553;996;2322;"2018-12-13 15:02:30"
554;303;1038;"2019-08-20 06:53:05"
555;852;704;"2018-02-07 00:58:24"
556;221;153;"2017-12-22 09:37:22"
557;234;1526;"2018-12-13 18:18:08"
558;782;192;"2018-12-04 20:43:52"
559;668;458;"2018-08-31 21:56:11"
560;98;891;"2018-11-25 00:18:27"
561;981;2197;"2018-10-29 08:13:07"
562;845;990;"2019-10-04 06:20:48"
563;673;2661;"2018-08-04 05:19:27"
564;522;490;"2019-03-11 21:20:01"
565;795;2861;"2018-06-06 00:00:02"
566;589;390;"2018-08-22 20:18:55"
567;720;417;"2019-03-05 04:22:32"
568;923;2323;"2018-01-04 08:17:54"
569;547;2051;"2017-11-29 15:09:57"
570;960;817;"2018-06-30 13:41:47"
571;227;2383;"2018-07-25 05:24:41"
572;769;244;"2018-03-15 06:11:54"
573;599;2440;"2017-12-20 08:52:37"
574;713;868;"2018-10-29 07:38:33"
575;322;1550;"2019-06-22 01:06:42"
576;187;1739;"2018-11-06 00:13:04"
577;140;2621;"2019-07-05 08:46:09"
578;704;2215;"2018-04-22 08:33:35"
579;723;1435;"2018-10-21 15:41:32"
580;648;1069;"2019-05-16 16:47:40"
581;32;2075;"2018-08-01 16:38:02"
582;921;2060;"2018-08-30 12:04:48"
583;36;2581;"2019-02-24 07:38:53"
584;885;1135;"2018-03-12 01:31:49"
585;112;257;"2019-11-01 06:03:38"
586;123;2749;"2018-12-06 00:14:07"
587;48;813;"2018-04-20 18:49:39"
588;437;352;"2017-12-17 00:02:01"
589;530;22;"2019-08-31 10:21:15"
590;338;286;"2018-07-29 07:56:45"
591;54;1666;"2019-01-24 09:49:13"
592;806;2583;"2019-01-11 16:40:10"
593;367;767;"2018-09-10 09:03:01"
594;470;1348;"2018-06-06 03:42:59"
595;721;803;"2018-03-04 14:03:16"
596;489;1184;"2019-03-25 21:51:57"
597;781;971;"2018-01-17 20:11:03"
598;629;2463;"2019-02-19 19:18:56"
599;577;2600;"2019-04-05 16:03:59"
600;14;2223;"2019-07-02 20:15:19"
601;155;1015;"2019-07-26 17:01:48"
602;3;740;"2019-10-16 14:31:01"
603;846;237;"2018-09-22 15:54:10"
604;585;1123;"2019-11-11 20:46:18"
605;760;753;"2018-08-10 00:01:06"
606;786;1834;"2019-04-25 22:26:33"
607;511;516;"2019-07-28 07:05:13"
608;718;348;"2018-03-26 20:26:18"
609;906;662;"2018-02-22 23:49:58"
610;863;1014;"2018-01-04 12:43:22"
611;359;803;"2019-04-19 00:08:06"
612;626;1451;"2019-08-18 06:03:50"
613;925;1836;"2018-11-17 16:04:31"
614;248;2080;"2018-07-18 07:40:47"
615;578;1027;"2019-01-06 17:07:28"
616;786;1744;"2018-11-12 23:09:32"
617;351;2272;"2019-05-23 00:05:19"
618;398;1906;"2019-02-17 18:50:20"
619;843;954;"2018-01-25 14:58:49"
620;803;329;"2018-03-23 19:26:29"
621;107;1288;"2019-08-08 08:52:38"
622;828;2497;"2019-06-24 22:48:19"
623;383;1455;"2018-07-30 20:45:11"
624;759;1552;"2019-11-03 20:09:18"
625;463;1945;"2019-03-27 10:59:05"
626;910;2514;"2018-09-29 09:58:02"
627;502;445;"2018-03-05 12:10:29"
628;600;631;"2018-09-02 10:00:28"
629;283;907;"2018-04-18 10:22:08"
630;52;2704;"2018-04-19 22:21:19"
631;267;2135;"2018-04-22 16:43:10"
632;171;976;"2018-01-30 17:59:08"
633;584;29;"2019-06-11 02:34:07"
634;260;2021;"2019-07-17 10:38:24"
635;269;1577;"2019-04-18 05:03:16"
636;844;2267;"2019-08-03 15:00:29"
637;29;193;"2018-09-05 03:19:39"
638;555;1550;"2019-01-06 21:28:41"
639;448;2057;"2018-11-26 21:01:48"
640;696;864;"2018-09-06 18:28:53"
641;578;1334;"2019-07-23 16:52:22"
642;545;1489;"2019-02-10 14:27:04"
643;605;1745;"2019-01-31 15:55:26"
644;823;2041;"2018-09-14 09:52:58"
645;969;335;"2019-06-16 20:49:56"
646;717;608;"2018-09-20 03:07:45"
647;939;2730;"2019-03-17 14:18:07"
648;637;2183;"2018-07-13 21:42:44"
649;386;1714;"2019-01-21 18:16:28"
650;772;2172;"2019-04-07 06:47:41"
651;363;2503;"2019-01-01 18:50:23"
652;474;2125;"2018-01-07 20:17:50"
653;697;2458;"2019-09-25 21:56:58"
654;69;1638;"2018-09-18 11:01:08"
655;619;600;"2018-02-09 04:58:45"
656;252;271;"2019-07-16 23:38:14"
657;612;2854;"2018-05-16 19:28:52"
658;919;15;"2018-07-13 17:55:11"
659;457;1575;"2018-11-19 00:40:34"
660;646;542;"2018-03-27 22:51:18"
661;699;469;"2019-05-20 14:00:14"
662;868;1045;"2018-01-26 21:45:52"
663;279;1983;"2018-11-12 20:35:17"
664;492;161;"2018-07-29 21:53:43"
665;721;1162;"2018-07-17 22:06:55"
666;104;2425;"2018-04-30 16:56:59"
667;991;2180;"2018-10-11 17:55:57"
668;889;433;"2018-09-05 08:59:04"
669;213;2267;"2017-12-06 02:12:19"
670;79;2387;"2018-04-05 12:12:31"
671;164;2810;"2019-04-30 09:11:35"
672;895;1357;"2018-03-04 02:51:48"
673;70;1067;"2018-12-20 11:27:13"
674;971;967;"2018-09-21 09:28:49"
675;107;497;"2018-09-28 14:06:38"
676;134;2681;"2018-06-14 21:44:14"
677;37;1717;"2018-05-10 03:50:23"
678;180;1498;"2019-03-18 21:21:01"
679;960;882;"2019-10-10 12:17:38"
680;739;1617;"2018-12-18 18:21:26"
681;53;1995;"2018-11-09 23:10:29"
682;622;2509;"2018-07-03 12:45:01"
683;994;456;"2019-02-22 15:48:50"
684;219;1169;"2018-07-21 02:56:58"
685;917;2150;"2017-12-04 19:10:07"
686;277;317;"2018-09-07 23:59:55"
687;761;515;"2019-07-12 16:08:25"
688;568;53;"2019-06-04 18:01:06"
689;874;2344;"2018-08-09 04:55:31"
690;465;2451;"2018-09-11 22:16:56"
691;957;841;"2017-11-25 11:42:06"
692;148;1757;"2019-03-15 18:09:47"
693;633;1104;"2019-11-02 01:52:25"
694;505;494;"2019-02-09 22:19:38"
695;945;2898;"2018-01-23 23:00:15"
696;287;455;"2018-11-13 08:36:33"
697;684;1246;"2019-03-25 22:29:04"
698;312;1597;"2019-07-19 20:53:02"
699;510;1416;"2018-09-19 18:06:30"
700;629;719;"2018-07-21 05:12:40"
701;86;1237;"2019-11-19 00:38:23"
702;413;513;"2017-12-15 05:30:38"
703;170;1964;"2017-11-28 14:58:18"
704;811;993;"2019-03-08 13:29:30"
705;735;2069;"2018-03-27 13:18:42"
706;254;825;"2018-11-09 04:43:39"
707;559;1871;"2019-01-24 14:46:32"
708;185;1115;"2018-12-01 23:18:24"
709;770;982;"2019-05-06 05:14:38"
710;370;2315;"2018-11-22 21:18:51"
711;289;1236;"2018-08-08 15:29:54"
712;512;2675;"2018-12-09 07:25:17"
713;885;1219;"2018-09-12 07:55:19"
714;125;2039;"2019-09-10 13:55:02"
715;756;1200;"2019-07-25 05:42:24"
716;382;1936;"2018-08-17 03:42:05"
717;927;81;"2018-01-05 04:56:03"
718;641;2152;"2018-06-08 08:58:14"
719;235;2376;"2019-11-10 04:58:43"
720;106;1394;"2018-06-12 22:22:25"
721;821;2387;"2018-08-15 20:28:47"
722;689;1899;"2017-12-28 11:13:58"
723;943;2045;"2018-08-26 23:38:42"
724;782;1190;"2019-06-14 00:33:16"
725;784;2247;"2019-10-22 00:46:46"
726;407;147;"2018-12-02 09:52:54"
727;982;102;"2017-12-17 06:28:25"
728;127;1820;"2018-08-27 08:33:42"
729;692;701;"2019-06-25 11:00:08"
730;658;203;"2019-01-29 18:05:05"
731;605;580;"2018-04-05 07:16:06"
732;904;1644;"2019-09-21 02:12:42"
733;144;1061;"2019-09-08 19:49:50"
734;332;2687;"2019-07-23 06:50:23"
735;930;1836;"2018-04-26 03:46:59"
736;60;52;"2017-11-23 23:19:07"
737;784;731;"2017-11-27 05:08:35"
738;288;2850;"2018-06-09 10:08:07"
739;39;1832;"2019-11-01 22:54:21"
740;654;2472;"2018-05-09 04:12:37"
741;155;1424;"2019-01-04 06:14:15"
742;573;592;"2018-03-08 05:54:07"
743;532;2365;"2018-05-22 21:58:10"
744;740;431;"2018-07-27 13:09:16"
745;389;1061;"2019-08-14 00:17:52"
746;329;1224;"2019-08-20 16:38:58"
747;447;1626;"2018-04-04 10:22:05"
748;937;1520;"2019-08-28 12:15:08"
749;707;91;"2018-09-22 12:31:59"
750;38;1097;"2018-04-27 13:21:28"
751;541;151;"2019-11-09 14:43:23"
752;556;1730;"2019-04-30 05:35:22"
753;838;876;"2018-11-16 22:23:25"
754;800;185;"2018-08-12 14:00:11"
755;262;1621;"2019-09-30 11:21:54"
756;992;2146;"2019-03-09 19:31:18"
757;222;2763;"2018-07-15 23:30:44"
758;608;1985;"2019-01-31 15:56:26"
759;168;2131;"2018-01-23 12:04:24"
760;204;1636;"2018-09-10 19:14:07"
761;195;660;"2017-12-03 05:22:13"
762;708;1817;"2018-12-02 22:08:43"
763;276;614;"2018-01-22 03:27:55"
764;298;1924;"2019-04-16 19:42:27"
765;707;425;"2018-03-23 16:47:55"
766;465;2008;"2019-10-08 09:52:54"
767;394;2431;"2018-07-17 16:07:35"
768;586;1192;"2018-07-25 15:19:37"
769;563;1628;"2019-09-13 03:34:34"
770;375;1221;"2018-02-17 03:40:30"
771;667;1975;"2018-10-28 21:01:21"
772;288;2640;"2019-08-22 18:12:18"
773;62;2091;"2019-10-09 17:42:19"
774;212;783;"2019-07-23 18:31:17"
775;364;5;"2018-10-26 09:04:03"
776;897;936;"2018-03-13 16:04:49"
777;371;2049;"2019-07-26 15:58:10"
778;8;411;"2017-12-04 22:58:09"
779;861;377;"2018-06-10 06:59:28"
780;381;936;"2019-10-16 19:32:57"
781;437;1665;"2018-03-01 19:43:35"
782;463;175;"2018-09-26 18:52:32"
783;480;2491;"2018-12-07 21:45:00"
784;379;1737;"2018-05-01 17:38:47"
785;783;964;"2019-01-05 08:06:21"
786;714;1468;"2018-03-12 01:20:24"
787;829;2595;"2018-01-20 13:38:12"
788;492;405;"2018-10-25 06:25:10"
789;673;2816;"2018-11-22 09:57:02"
790;661;829;"2019-01-20 05:21:04"
791;431;1130;"2018-09-02 21:22:53"
792;670;1967;"2018-01-03 15:25:37"
793;328;482;"2018-09-16 08:46:26"
794;721;2442;"2019-04-08 11:49:05"
795;585;2217;"2019-11-15 14:57:06"
796;82;1307;"2019-03-20 15:19:11"
797;641;226;"2019-10-05 10:53:32"
798;812;2839;"2018-01-03 20:17:06"
799;98;1177;"2019-02-14 19:55:38"
800;136;646;"2017-12-31 11:22:12"
801;393;2600;"2018-07-17 03:54:27"
802;877;1663;"2018-11-20 14:41:52"
803;414;1916;"2018-09-14 01:54:01"
804;413;112;"2019-11-11 04:03:49"
805;421;2804;"2019-01-01 22:36:45"
806;218;661;"2019-04-08 18:24:35"
807;956;1204;"2018-05-06 02:44:37"
808;810;1945;"2018-07-12 21:12:32"
809;633;946;"2019-10-17 19:34:14"
810;586;1942;"2018-11-27 10:29:12"
811;295;1164;"2019-08-26 15:01:03"
812;874;2286;"2019-07-07 23:44:23"
813;210;2674;"2019-04-03 03:30:30"
814;913;1715;"2019-05-24 17:02:02"
815;253;2134;"2017-11-28 22:26:15"
816;791;442;"2018-09-26 17:58:36"
817;364;656;"2018-11-08 17:19:58"
818;721;1972;"2018-12-31 21:21:58"
819;371;687;"2017-12-27 15:18:38"
820;852;120;"2018-03-10 04:28:13"
821;967;1131;"2019-08-01 17:23:54"
822;134;864;"2019-07-14 05:06:18"
823;661;2662;"2019-03-22 04:53:46"
824;891;684;"2018-01-12 00:29:27"
825;487;2600;"2018-02-19 06:05:24"
826;652;368;"2019-01-02 22:32:55"
827;714;951;"2018-08-25 03:30:53"
828;874;2861;"2018-07-22 13:45:22"
829;618;1881;"2018-04-09 03:55:35"
830;932;2526;"2018-09-01 04:11:28"
831;533;1410;"2018-08-12 16:44:50"
832;123;2136;"2018-01-29 08:32:41"
833;812;1486;"2019-02-18 12:43:33"
834;264;235;"2019-06-01 19:26:53"
835;549;1607;"2018-08-26 17:45:38"
836;637;620;"2018-07-24 20:10:22"
837;950;1794;"2019-10-25 12:36:50"
838;507;393;"2019-06-20 07:55:43"
839;173;1648;"2019-10-01 00:56:12"
840;991;1029;"2019-03-20 09:34:33"
841;628;19;"2019-05-18 01:33:50"
842;217;311;"2018-12-05 15:54:53"
843;121;1248;"2018-11-07 18:16:32"
844;465;20;"2018-10-25 00:57:28"
845;477;263;"2018-01-14 12:10:16"
846;712;1957;"2017-12-22 16:39:18"
847;717;2663;"2019-07-27 23:04:04"
848;860;866;"2018-04-16 10:01:32"
849;580;1211;"2018-05-20 18:26:44"
850;999;2414;"2018-05-13 05:26:52"
851;409;84;"2019-09-22 22:54:07"
852;459;2119;"2019-11-10 18:13:55"
853;751;2563;"2019-05-20 07:52:33"
854;541;2390;"2019-05-26 14:17:29"
855;766;781;"2019-07-20 00:40:16"
856;896;2724;"2018-02-27 20:49:24"
857;539;80;"2018-01-13 04:23:36"
858;508;1031;"2017-11-29 21:25:23"
859;347;671;"2017-12-03 06:59:28"
860;380;92;"2019-08-16 20:52:44"
861;853;2158;"2019-03-20 15:45:12"
862;789;2120;"2018-05-14 03:47:33"
863;850;505;"2018-02-02 10:32:31"
864;222;2547;"2019-09-27 19:58:07"
865;438;421;"2019-03-05 15:41:40"
866;906;795;"2019-06-15 02:15:28"
867;150;1248;"2018-06-17 04:35:48"
868;256;2023;"2018-08-02 20:18:05"
869;676;191;"2019-09-23 20:43:29"
870;553;292;"2018-11-03 00:35:43"
871;392;2857;"2018-09-04 08:15:35"
872;470;1933;"2017-11-23 09:14:27"
873;505;1728;"2018-05-28 01:17:59"
874;642;881;"2019-06-05 01:55:21"
875;335;1198;"2019-11-04 05:31:05"
876;377;68;"2018-11-07 21:02:04"
877;501;1444;"2019-08-25 23:19:47"
878;819;1976;"2018-04-04 09:09:41"
879;745;163;"2018-03-05 20:54:42"
880;828;2675;"2019-04-15 05:02:02"
881;59;805;"2019-08-20 00:06:35"
882;910;164;"2018-11-03 23:20:12"
883;344;590;"2017-12-23 04:40:16"
884;914;1423;"2019-05-24 10:41:28"
885;121;144;"2019-10-13 18:46:05"
886;904;122;"2018-02-24 08:57:10"
887;996;2203;"2017-12-14 14:43:32"
888;22;2340;"2019-10-23 01:07:38"
889;795;1234;"2019-08-19 23:11:44"
890;34;2218;"2018-11-06 05:09:55"
891;170;2492;"2019-09-24 16:30:06"
892;436;1365;"2018-10-29 18:24:27"
893;828;2458;"2018-05-31 00:19:55"
894;315;1682;"2019-01-28 03:42:45"
895;774;60;"2018-12-09 15:07:20"
896;988;1902;"2019-03-17 02:06:56"
897;465;2165;"2018-08-20 19:14:31"
898;433;1731;"2018-05-31 23:12:05"
899;829;1408;"2019-08-07 16:15:57"
900;979;2118;"2019-01-26 01:04:51"
901;124;2276;"2018-02-25 17:02:33"
902;858;599;"2019-08-23 22:42:53"
903;970;1613;"2018-11-10 07:20:54"
904;827;274;"2019-01-27 04:43:37"
905;438;2430;"2017-12-30 16:43:21"
906;497;1162;"2019-05-22 23:28:24"
907;85;2762;"2017-12-30 09:34:29"
908;634;2850;"2018-10-21 20:32:52"
909;286;2735;"2019-04-20 19:06:33"
910;485;1862;"2018-01-16 13:29:51"
911;569;1996;"2018-03-02 04:31:33"
912;761;2493;"2019-05-20 01:59:15"
913;462;312;"2018-08-09 10:35:03"
914;940;252;"2017-11-24 05:52:12"
915;198;2043;"2019-08-05 11:06:27"
916;463;1013;"2018-04-05 18:18:11"
917;123;1103;"2018-12-29 10:09:09"
918;593;2603;"2018-02-18 05:38:28"
919;200;2061;"2018-06-01 17:40:03"
920;565;2211;"2018-12-02 13:06:37"
921;658;1262;"2018-03-14 01:26:51"
922;129;889;"2019-06-26 08:36:24"
923;200;1753;"2018-10-05 03:11:23"
924;607;2089;"2018-08-16 06:10:35"
925;176;1018;"2018-01-14 18:52:43"
926;998;2779;"2019-06-10 09:22:10"
927;185;2620;"2018-07-27 03:35:28"
928;681;547;"2018-07-07 13:14:21"
929;976;1851;"2018-08-13 22:47:25"
930;601;1683;"2018-08-07 14:57:34"
931;971;2725;"2018-12-05 19:57:13"
932;146;1247;"2019-04-24 03:55:09"
933;614;2444;"2019-11-04 09:22:55"
934;172;2786;"2019-07-30 06:42:04"
935;570;817;"2019-05-15 16:35:07"
936;625;1716;"2018-11-14 17:47:54"
937;209;2882;"2018-10-06 06:45:58"
938;61;1519;"2019-06-09 08:01:07"
939;795;498;"2019-09-27 05:58:15"
940;220;2184;"2018-08-07 22:15:44"
941;804;2843;"2019-05-20 13:37:44"
942;123;1878;"2019-02-14 21:09:30"
943;534;179;"2019-02-20 06:39:44"
944;667;82;"2019-04-15 06:04:32"
945;25;1322;"2018-05-26 03:57:29"
946;972;2696;"2019-04-05 16:39:28"
947;112;213;"2019-02-03 10:07:25"
948;918;1136;"2019-11-16 03:15:39"
949;702;2614;"2018-04-05 01:46:44"
950;35;2796;"2019-02-18 00:41:47"
951;110;983;"2018-03-21 21:29:43"
952;958;2691;"2018-09-02 18:48:14"
953;803;2841;"2017-11-21 00:31:19"
954;592;457;"2019-06-17 14:25:27"
955;803;2161;"2019-08-20 06:54:53"
956;309;416;"2018-09-14 03:07:38"
957;507;597;"2019-08-02 00:31:29"
958;178;2021;"2018-08-02 00:59:38"
959;998;58;"2019-03-01 23:24:58"
960;97;1131;"2019-02-26 10:23:23"
961;87;190;"2018-09-28 03:01:48"
962;770;1732;"2018-03-06 12:37:38"
963;455;2512;"2018-02-08 11:21:44"
964;802;930;"2019-11-19 07:43:08"
965;48;945;"2018-12-25 22:42:55"
966;891;885;"2018-11-22 23:13:28"
967;990;1103;"2019-07-25 21:27:47"
968;477;2099;"2019-02-23 20:50:06"
969;845;1687;"2018-04-19 14:47:49"
970;354;1273;"2018-07-31 06:19:26"
971;814;670;"2018-12-18 01:29:13"
972;138;62;"2017-12-25 08:52:46"
973;976;1627;"2018-11-20 05:07:41"
974;865;2250;"2018-03-27 13:26:44"
975;993;2252;"2019-05-29 10:39:05"
976;344;827;"2019-05-23 10:45:40"
977;483;1113;"2018-08-23 09:00:59"
978;798;326;"2018-06-20 19:07:00"
979;930;703;"2018-12-07 07:52:11"
980;41;284;"2018-08-16 13:41:07"
981;370;2850;"2018-03-19 17:53:26"
982;178;881;"2019-10-24 14:24:20"
983;510;2421;"2019-10-25 14:10:25"
984;817;2525;"2018-09-13 23:00:57"
985;686;1026;"2018-05-23 12:54:53"
986;604;2554;"2019-07-11 19:57:12"
987;334;256;"2018-09-14 07:57:04"
988;18;2481;"2019-03-03 08:10:16"
989;766;2345;"2018-12-06 03:26:16"
990;496;2292;"2018-05-16 18:24:14"
991;159;2131;"2018-11-11 18:19:23"
992;742;1898;"2018-06-09 01:37:45"
993;683;265;"2019-10-13 19:01:51"
994;538;2369;"2019-05-17 04:04:38"
995;448;1914;"2019-01-31 22:03:46"
996;368;1309;"2018-04-13 11:46:29"
997;219;1340;"2018-10-09 12:03:35"
998;610;2440;"2018-11-23 01:38:07"
999;752;1052;"2019-03-06 19:51:30"
1000;335;662;"2018-03-28 21:52:21"
