"PlaceId";"Latitude";"Longitude";"State"
1;37.57306;-119.665;"CA"
2;37.87111;-119.36;"CA"
3;37.73611;-119.5625;"CA"
4;37.19861;-112.98639;"UT"
5;37.74194;-119.56556;"CA"
6;37.76389;-119.84444;"CA"
7;37.66222;-119.61972;"CA"
8;40.62556;-122.58083;"CA"
9;45.01246;-86.0947;"MI"
10;44.89167;-86.04278;"MI"
11;44.71278;-86.11778;"MI"
12;37.74083;-119.56667;"CA"
13;37.79889;-119.86583;"CA"
14;36.60671;-118.7258;"CA"
15;40.32917;-105.59333;"CO"
16;40.3625;-105.60194;"CO"
17;38.52862;-78.43873;"VA"
18;36.63611;-118.80972;"CA"
19;58.55972;-155.77806;"AK"
20;46.76722;-121.79444;"WA"
21;47.61306;-124.37472;"WA"
22;46.73111;-121.57028;"WA"
23;37.19028;-86.09139;"KY"
24;37.20722;-86.13167;"KY"
25;34.07167;-116.38917;"CA"
26;35.55333;-83.30861;"NC"
27;35.65833;-83.58222;"TN"
28;33.99917;-116.11806;"CA"
29;33.75;-115.825;"CA"
30;34.12;-116.15583;"CA"
31;35.46278;-83.43444;"NC"
32;35.75333;-83.20861;"TN"
33;35.53944;-83.29778;"NC"
34;35.62778;-83.1125;"NC"
35;35.61833;-83.21;"NC"
36;35.75972;-83.10417;"NC"
37;35.60028;-83.76722;"TN"
38;36.21028;-112.06056;"AZ"
39;33.47985;-119.02989;"CA"
40;34.01419;-119.36779;"CA"
41;36.04972;-112.12047;"AZ"
42;37.84035;-122.48889;"CA"
43;48.75083;-113.44694;"MT"
44;35.6025;-83.77667;"TN"
45;36.46306;-116.86778;"CA"
46;34.04824;-119.5616;"CA"
47;34.01083;-119.66028;"CA"
48;39.65389;-77.46694;"MD"
49;35.60361;-83.77056;"TN"
50;35.12278;-75.92611;"NC"
51;25.13861;-80.94167;"FL"
52;48.54778;-113.98528;"MT"
53;38.08333;-75.2;"MD"
54;29.1825;-102.96083;"TX"
55;35.96806;-81.93222;"NC"
56;36.67806;-84.51889;"TN"
57;36.48778;-84.69083;"TN"
58;36.07306;-92.55694;"AR"
59;36.9625;-90.98306;"MO"
60;37.28306;-91.40833;"MO"
61;36.13889;-81.73111;"NC"
62;29.275;-103.30417;"TX"
63;40.52917;-121.56389;"CA"
64;40.49028;-121.42361;"CA"
65;40.49444;-121.425;"CA"
66;40.5625;-121.51667;"CA"
67;38.55056;-107.68667;"CO"
68;38.46778;-107.17583;"CO"
69;38.77694;-109.58917;"UT"
70;48.675;-121.26111;"WA"
71;48.28638;-118.12003;"WA"
72;47.9046;-118.30915;"WA"
73;38.45889;-107.33;"CO"
74;38.49111;-107.09694;"CO"
75;38.48528;-107.24;"CO"
76;38.48556;-107.17222;"CO"
77;37.63444;-112.16694;"UT"
78;37.14722;-91.44972;"MO"
79;34.42889;-96.98972;"OK"
80;34.46;-97.02;"OK"
81;34.505;-96.9675;"OK"
82;34.505;-96.9675;"OK"
83;34.505;-96.9675;"OK"
84;43.59722;-123.84028;"OR"
85;29.13694;-103.52222;"TX"
86;37.63444;-112.16694;"UT"
87;48.67333;-121.26583;"WA"
88;48.67333;-121.26583;"WA"
89;35.40278;-82.75667;"NC"
90;40.565;-121.30528;"CA"
91;40.565;-121.30528;"CA"
92;44.58583;-122.35083;"OR"
93;47.93306;-118.93907;"WA"
94;47.93306;-118.93907;"WA"
95;48.70261;-118.11498;"WA"
96;48.59241;-118.11498;"WA"
97;48.28638;-118.3119;"WA"
98;48.12463;-118.3119;"WA"
99;47.9088;-118.3119;"WA"
100;37.98389;-120.50806;"CA"
101;38.0075;-120.54028;"CA"
102;44.7575;-122.51028;"OR"
103;42.65944;-90.70972;"WI"
104;44.87262;-92.24322;"WI"
105;41.72444;-91.52944;"IA"
106;46.01611;-91.02028;"WI"
107;42.2075;-111.49472;"ID"
108;39.39167;-105.10889;"CO"
109;37.84472;-107.88111;"CO"
110;41.16778;-106.2525;"WY"
111;40.77361;-106.73417;"CO"
112;43.99667;-71.36722;"NH"
113;34.26111;-93.1875;"AR"
114;37.28056;-85.29167;"KY"
115;40.93444;-109.42417;"UT"
116;40.99231;-110.38964;"UT"
117;35.75361;-94.94778;"OK"
118;39.30519;-96.65333;"KS"
119;37.33444;-91.48306;"MO"
120;37.19389;-91.28278;"MO"
121;37.38306;-91.56944;"MO"
122;40.45111;-121.29583;"CA"
123;31.16964;-97.44363;"TX"
124;41.70167;-93.68528;"IA"
125;38.03528;-88.9425;"IL"
126;31.58171;-97.26797;"TX"
127;37.32083;-86.12917;"KY"
128;37.65944;-93.78306;"MO"
129;38.63306;-97.9875;"KS"
130;48.60306;-92.95944;"MN"
131;35.55333;-83.30861;"NC"
132;35.75222;-83.10889;"NC"
133;35.75278;-83.20611;"TN"
134;35.65139;-83.07444;"NC"
135;35.65944;-83.58639;"TN"
136;38.76005;-78.29787;"VA"
137;38.2487;-78.67057;"VA"
138;36.7;-112.20972;"AZ"
139;39.14583;-106.89167;"CO"
140;35.84167;-105.65556;"NM"
141;48.06778;-90.61472;"MN"
142;32.25444;-96.66694;"TX"
143;35.39944;-93.31444;"AR"
144;34.20278;-84.67667;"GA"
145;41.785;-78.9025;"PA"
146;36.12917;-98.58139;"OK"
147;33.87833;-96.64722;"TX"
148;44.2675;-71.02278;"NH"
149;34.45528;-112.45333;"AZ"
150;39.605;-106.07778;"CO"
151;44.33417;-106.97361;"WY"
152;39.09;-106.36556;"CO"
153;32.3375;-86.76944;"AL"
154;38.61667;-82.63306;"OH"
155;35.64722;-106.30444;"NM"
156;40.88167;-109.45778;"UT"
157;37.64493;-96.06927;"KS"
158;44.70667;-107.49806;"WY"
159;42.32472;-113.62361;"ID"
160;38.75833;-112.36667;"UT"
161;40.68339;-105.39665;"CO"
162;40.30972;-111.25972;"UT"
163;38.21222;-107.43028;"CO"
164;40.51611;-110.03722;"UT"
165;44.42611;-104.42306;"WY"
166;33.03444;-105.8;"NM"
167;36.30917;-115.6825;"NV"
168;43.6125;-115.08028;"ID"
169;39.25333;-111.54028;"UT"
170;37.35083;-83.47278;"KY"
171;36.47472;-92.92194;"AR"
172;39.06472;-105.09222;"CO"
173;39.92972;-111.64194;"UT"
174;43.19139;-110.93556;"WY"
175;39.50083;-111.15944;"UT"
176;33.05528;-96.48194;"TX"
177;34.61333;-84.62389;"GA"
178;31.84667;-99.57944;"TX"
179;37.52028;-108.53056;"CO"
180;44.4325;-111.42611;"ID"
181;37.21583;-119.96861;"CA"
182;33.85139;-96.57472;"OK"
183;37.26944;-95.45833;"KS"
184;34.94167;-111.74167;"AZ"
185;39.14167;-106.89167;"CO"
186;35.23417;-107.70139;"NM"
187;38.9175;-79.77111;"WV"
188;37.59194;-112.90333;"UT"
189;44.33222;-116.17361;"ID"
190;37.7025;-112.65611;"UT"
191;48.13222;-92.29583;"MN"
192;43.3225;-111.11611;"ID"
193;40.19778;-111.40139;"UT"
194;38.4976;-95.71791;"KS"
195;38.25;-95.75;"KS"
196;46.315;-118.76611;"WA"
197;34.17639;-95.10833;"OK"
198;37.31639;-86.23306;"KY"
199;34.03556;-95.36861;"OK"
200;43.87111;-85.92028;"MI"
201;37.96778;-105.06722;"CO"
202;40.63684;-105.52695;"CO"
203;40.0;-111.375;"UT"
204;39.7575;-106.56056;"CO"
205;44.45667;-109.72583;"WY"
206;35.21117;-112.12383;"AZ"
207;40.87694;-92.88722;"IA"
208;38.68189;-96.52486;"KS"
209;31.96531;-96.6903;"TX"
210;38.60833;-82.61667;"OH"
211;34.82944;-92.43194;"AR"
212;36.0425;-95.33444;"OK"
213;38.675;-95.67917;"KS"
214;37.57556;-93.68139;"MO"
215;43.90861;-115.69639;"ID"
216;32.97083;-85.22222;"AL"
217;36.61972;-87.88306;"TN"
218;38.22167;-80.90972;"WV"
219;40.99028;-109.58472;"UT"
220;38.52778;-111.745;"UT"
221;39.01028;-86.42889;"IN"
222;33.22639;-88.27667;"AL"
223;47.38056;-91.91639;"MN"
224;33.68;-82.25861;"GA"
225;38.59972;-97.93333;"KS"
226;33.9375;-96.55056;"OK"
227;36.57722;-78.55139;"VA"
228;33.25944;-87.43028;"AL"
229;32.92722;-85.16389;"GA"
230;46.41083;-94.35139;"MN"
231;41.98083;-77.18944;"PA"
232;38.29639;-93.72639;"MO"
233;36.66194;-78.63139;"VA"
234;30.66417;-97.36444;"TX"
235;38.65694;-89.26028;"IL"
236;43.73639;-103.70222;"SD"
237;40.93639;-106.61167;"CO"
238;46.30083;-90.87833;"WI"
239;33.44778;-87.36583;"AL"
240;44.65083;-115.6725;"ID"
241;35.35972;-84.00306;"NC"
242;34.84361;-111.77639;"AZ"
243;38.73056;-106.74667;"CO"
244;40.79389;-105.905;"CO"
245;40.67167;-110.97167;"UT"
246;35.32;-84.09361;"TN"
247;35.07861;-83.53194;"NC"
248;40.77238;-106.77147;"CO"
249;39.09278;-96.955;"KS"
250;34.105;-87.32;"AL"
251;36.7225;-93.53167;"MO"
252;39.90056;-111.7275;"UT"
253;43.96778;-71.51583;"NH"
254;36.68472;-81.64722;"VA"
255;37.6125;-112.2625;"UT"
256;44.1475;-114.91194;"ID"
257;41.88694;-77.17917;"PA"
258;46.00722;-84.97222;"MI"
259;40.26806;-111.58028;"UT"
260;43.90306;-103.535;"SD"
261;43.08306;-109.96556;"WY"
262;43.19639;-111.04111;"ID"
263;37.81639;-91.16639;"MO"
264;47.37861;-94.52139;"MN"
265;35.07722;-83.24639;"NC"
266;39.59583;-106.03444;"CO"
267;34.0025;-95.40167;"OK"
268;34.23167;-93.69361;"AR"
269;34.44972;-92.1125;"AR"
270;37.70833;-90.94167;"MO"
271;47.51833;-94.04806;"MN"
272;34.17333;-94.32;"AR"
273;39.51583;-91.66306;"MO"
274;45.98361;-90.93444;"WI"
275;37.98111;-105.05028;"CO"
276;39.43194;-105.76194;"CO"
277;41.27;-107.11167;"WY"
278;42.35028;-112.27583;"ID"
279;43.8951;-103.48423;"SD"
280;36.99556;-88.20972;"KY"
281;48.16111;-116.77028;"ID"
282;35.56389;-92.19806;"AR"
283;40.80056;-110.82417;"UT"
284;41.92;-111.46028;"UT"
285;41.89028;-111.63722;"UT"
286;48.16028;-90.89361;"MN"
287;34.14444;-94.39639;"AR"
288;39.51889;-91.64583;"MO"
289;39.45222;-88.74028;"IL"
290;40.1425;-105.95306;"CO"
291;37.06472;-106.23444;"CO"
292;40.18165;-105.89113;"CO"
293;41.81361;-91.59528;"IA"
294;36.76672;-96.80815;"OK"
295;35.28083;-82.7225;"NC"
296;41.48431;-79.4491;"PA"
297;38.13778;-93.61722;"MO"
298;35.43917;-80.07056;"NC"
299;46.4725;-84.63917;"MI"
300;44.1975;-71.17222;"NH"
301;37.94167;-111.69361;"UT"
302;40.67944;-110.93472;"UT"
303;37.87556;-93.37444;"MO"
304;36.11056;-81.30944;"NC"
305;38.36444;-93.545;"MO"
306;44.33528;-116.185;"ID"
307;33.27167;-89.14361;"MS"
308;44.29801;-115.25552;"ID"
309;39.88417;-110.77528;"UT"
310;39.5125;-111.15556;"UT"
311;39.34;-105.93167;"CO"
312;37.00194;-91.01861;"MO"
313;33.0375;-79.56278;"SC"
314;42.16694;-114.26222;"ID"
315;44.68917;-107.44667;"WY"
316;39.03389;-105.98917;"CO"
317;33.98806;-91.30917;"AR"
318;28.97944;-81.555;"FL"
319;47.51417;-94.10583;"MN"
320;40.68203;-105.46911;"CO"
321;41.83972;-79.25639;"PA"
322;34.12083;-84.57917;"GA"
323;31.97374;-96.69259;"TX"
324;38.17917;-119.325;"CA"
325;40.61417;-111.58861;"UT"
326;39.3497;-112.26682;"UT"
327;44.15944;-106.9125;"WY"
328;42.64111;-110.81694;"WY"
329;43.78194;-103.51583;"SD"
330;38.42778;-106.14306;"CO"
331;40.40611;-111.60361;"UT"
332;38.07109;-112.16798;"UT"
333;40.435;-111.63389;"UT"
334;41.77694;-78.88611;"PA"
335;38.18611;-119.3175;"CA"
336;27.11028;-80.285;"FL"
337;33.84417;-89.60361;"MS"
338;41.27;-107.11167;"WY"
339;33.84694;-89.77444;"MS"
340;38.82222;-79.38722;"WV"
341;40.5725;-111.69833;"UT"
342;38.68833;-79.76583;"WV"
343;31.02889;-97.61306;"TX"
344;30.71806;-84.85111;"GA"
345;34.16889;-91.73667;"AR"
346;38.09972;-82.31778;"WV"
347;39.31228;-119.89736;"CA"
348;44.15165;-115.31163;"ID"
349;44.1775;-107.21611;"WY"
350;39.12306;-111.48694;"UT"
351;34.99639;-111.73917;"AZ"
352;44.335;-116.1775;"ID"
353;44.65417;-115.66472;"ID"
354;44.33361;-111.55361;"ID"
355;39.67904;-105.65742;"CO"
356;32.78972;-105.82028;"NM"
357;43.8475;-114.75667;"ID"
358;37.02514;-88.19401;"KY"
359;36.53136;-85.16764;"TN"
360;37.53278;-112.8125;"UT"
361;38.89728;-119.93013;"CA"
362;38.13306;-86.63306;"IN"
363;34.95833;-111.48;"AZ"
364;36.83306;-80.06333;"VA"
365;38.18265;-120.80306;"CA"
366;42.6775;-110.6675;"WY"
367;29.01287;-81.39076;"FL"
368;40.64056;-111.63583;"UT"
369;45.7284;-120.65126;"OR"
370;37.26944;-95.45833;"KS"
371;31.88528;-97.36111;"TX"
372;38.8175;-106.58;"CO"
373;34.33194;-110.93639;"AZ"
374;33.83611;-82.33861;"SC"
375;33.99917;-96.56944;"OK"
376;34.51556;-111.76444;"AZ"
377;39.59861;-106.03444;"CO"
378;40.53278;-110.62278;"UT"
379;40.74306;-109.50083;"UT"
380;38.34167;-111.51889;"UT"
381;33.74639;-109.36917;"AZ"
382;38.19917;-86.59833;"IN"
383;38.20139;-119.32;"CA"
384;39.44556;-88.7725;"IL"
385;35.53556;-92.38111;"AR"
386;34.38111;-82.81639;"SC"
387;36.52722;-93.73;"MO"
388;41.73778;-93.72361;"IA"
389;34.28972;-88.41583;"MS"
390;34.42694;-89.70972;"MS"
391;35.70667;-94.96;"OK"
392;40.8325;-92.91797;"IA"
393;47.37861;-94.52139;"MN"
394;44.26028;-71.50472;"NH"
395;47.33278;-92.14389;"MN"
396;38.92738;-105.42489;"CO"
397;36.80222;-80.99917;"VA"
398;44.02278;-113.46694;"ID"
399;29.18111;-81.83111;"FL"
400;38.71278;-106.23389;"CO"
401;44.52833;-116.10833;"ID"
402;44.1175;-115.58167;"ID"
403;39.55139;-88.62222;"IL"
404;41.365;-92.97361;"IA"
405;44.17611;-114.90917;"ID"
406;44.1675;-71.13028;"NH"
407;42.49583;-110.53111;"WY"
408;40.915;-109.64639;"UT"
409;38.88111;-107.10694;"CO"
410;43.78889;-122.96667;"OR"
411;34.0;-98.08333;"OK"
412;37.45;-107.66639;"CO"
413;40.13139;-105.50611;"CO"
414;33.61458;-82.50875;"GA"
415;35.07389;-92.54472;"AR"
416;36.56167;-93.59472;"MO"
417;37.18194;-90.78944;"MO"
418;34.20674;-94.23132;"AR"
419;34.95611;-93.16556;"AR"
420;36.08028;-118.90222;"CA"
421;45.87694;-88.56278;"WI"
422;47.48222;-101.42611;"ND"
423;31.77612;-85.15416;"AL"
424;36.37659;-92.23266;"AR"
425;34.09667;-94.39444;"AR"
426;34.08833;-84.71056;"GA"
427;33.97889;-91.30861;"AR"
428;43.10306;-109.94111;"WY"
429;37.86611;-93.27389;"MO"
430;33.85556;-96.59111;"OK"
431;34.10694;-95.0875;"OK"
432;40.90722;-109.44333;"UT"
433;40.56639;-110.51778;"UT"
434;36.78492;-96.92297;"OK"
435;47.09745;-98.01008;"ND"
436;44.76889;-107.46861;"WY"
437;36.90763;-95.93749;"OK"
438;39.26972;-106.35056;"CO"
439;39.23501;-123.16593;"CA"
440;40.86278;-92.86778;"IA"
441;31.38833;-95.155;"TX"
442;36.23333;-106.43333;"NM"
443;44.00333;-71.23222;"NH"
444;45.32806;-90.44694;"WI"
445;36.04556;-95.32694;"OK"
446;40.87333;-109.53583;"UT"
447;41.28972;-111.64056;"UT"
448;44.485;-111.29972;"ID"
449;42.79417;-111.08;"ID"
450;41.32644;-106.37816;"WY"
451;40.66722;-109.51861;"UT"
452;32.80781;-87.81121;"AL"
453;36.09903;-85.83176;"TN"
454;36.89753;-95.96973;"OK"
455;30.53306;-95.12889;"TX"
456;35.40722;-82.64583;"NC"
457;44.59472;-104.40861;"WY"
458;47.9525;-91.71639;"MN"
459;35.50389;-92.06639;"AR"
460;35.28111;-112.15694;"AZ"
461;36.03306;-95.31639;"OK"
462;36.96556;-84.84222;"KY"
463;37.39194;-113.46278;"UT"
464;40.64611;-104.33889;"CO"
465;43.31139;-109.86111;"WY"
466;40.40402;-106.62352;"CO"
467;38.9775;-104.98472;"CO"
468;38.96833;-98.49167;"KS"
469;39.55889;-111.16806;"UT"
470;40.44944;-111.67167;"UT"
471;44.46611;-109.62361;"WY"
472;35.36917;-83.87194;"NC"
473;41.61222;-78.76083;"PA"
474;46.29028;-90.82833;"WI"
475;43.81833;-103.47389;"SD"
476;42.19528;-114.28333;"ID"
477;44.55028;-107.51472;"WY"
478;46.21639;-86.59917;"MI"
479;33.36139;-105.68472;"NM"
480;40.93194;-109.48056;"UT"
481;34.82528;-111.80194;"AZ"
482;38.07861;-88.93028;"IL"
483;44.99472;-114.48278;"ID"
484;34.56889;-88.32722;"MS"
485;44.42639;-111.36889;"ID"
486;36.30389;-86.51528;"TN"
487;30.68167;-97.73306;"TX"
488;38.09472;-83.51694;"KY"
489;43.94194;-71.50917;"NH"
490;41.94417;-78.87611;"PA"
491;38.72722;-106.75917;"CO"
492;36.49444;-92.79611;"MO"
493;38.07889;-105.56333;"CO"
494;35.34111;-94.29694;"AR"
495;35.75861;-82.97667;"NC"
496;40.30194;-111.61444;"UT"
497;45.91056;-90.17389;"WI"
498;40.77512;-106.77241;"CO"
499;37.96778;-105.06722;"CO"
500;38.74667;-105.94333;"CO"
501;37.98444;-105.05944;"CO"
502;38.62778;-89.35833;"IL"
503;39.55694;-111.68639;"UT"
504;34.33793;-83.95114;"GA"
505;36.59583;-93.55028;"MO"
506;33.02222;-85.19167;"GA"
507;34.17444;-93.66861;"AR"
508;36.42194;-93.84583;"AR"
509;37.98361;-79.96694;"VA"
510;36.41083;-93.89333;"AR"
511;34.75861;-94.69444;"OK"
512;40.65;-115.40361;"NV"
513;44.4625;-111.40056;"ID"
514;36.31583;-87.18694;"TN"
515;39.81481;-105.55184;"CO"
516;34.95472;-93.30389;"AR"
517;44.54583;-107.49917;"WY"
518;39.41944;-106.28667;"CO"
519;37.78944;-109.54167;"UT"
520;36.67361;-93.45972;"MO"
521;39.6875;-111.29694;"UT"
522;36.13306;-86.57028;"TN"
523;34.16667;-95.125;"OK"
524;41.24944;-109.60139;"WY"
525;38.38889;-97.08889;"KS"
526;36.63111;-93.34722;"MO"
527;38.66472;-95.54889;"KS"
528;31.64056;-85.10222;"AL"
529;41.73139;-93.68;"IA"
530;36.75333;-81.43639;"VA"
531;34.25917;-98.035;"OK"
532;37.92028;-80.27111;"WV"
533;35.53417;-92.02194;"AR"
534;34.55194;-93.49333;"AR"
535;34.875;-84.25;"GA"
536;34.57306;-93.46889;"AR"
537;38.71056;-106.24417;"CO"
538;36.71317;-96.89835;"OK"
539;36.94644;-90.27525;"MO"
540;36.92737;-90.2838;"MO"
541;34.17667;-84.07528;"GA"
542;37.00972;-81.18167;"VA"
543;40.38306;-78.07833;"PA"
544;40.83944;-106.98972;"CO"
545;45.17333;-109.45083;"MT"
546;38.60889;-111.67889;"UT"
547;38.51371;-95.70624;"KS"
548;36.13833;-81.27111;"NC"
549;44.29722;-106.95111;"WY"
550;35.6475;-94.97222;"OK"
551;35.36167;-111.53306;"AZ"
552;37.52583;-93.80944;"MO"
553;38.49862;-95.78975;"KS"
554;38.19056;-93.39333;"MO"
555;34.22694;-93.12778;"AR"
556;34.77444;-90.11472;"MS"
557;36.81361;-80.04;"VA"
558;29.07889;-81.58;"FL"
559;43.16333;-72.80972;"VT"
560;34.14167;-93.74583;"AR"
561;47.43;-94.04917;"MN"
562;39.58806;-106.04361;"CO"
563;39.76611;-111.71222;"UT"
564;36.89444;-86.13306;"KY"
565;38.94389;-105.44111;"CO"
566;38.60833;-89.325;"IL"
567;37.2525;-105.10917;"CO"
568;44.8925;-116.38667;"ID"
569;37.98278;-105.0575;"CO"
570;36.99167;-84.25833;"KY"
571;37.78889;-106.98583;"CO"
572;43.15028;-111.32;"ID"
573;36.94167;-84.21667;"KY"
574;34.19444;-84.57889;"GA"
575;38.16278;-111.32972;"UT"
576;38.9079;-95.37526;"KS"
577;40.57833;-111.02583;"UT"
578;30.68006;-97.34227;"TX"
579;43.7575;-110.95139;"WY"
580;36.51083;-95.56111;"OK"
581;34.32667;-110.94583;"AZ"
582;33.92167;-96.54472;"OK"
583;31.52556;-97.22522;"TX"
584;48.17056;-92.49111;"MN"
585;34.20389;-84.08611;"GA"
586;42.94639;-109.79194;"WY"
587;44.07833;-115.6025;"ID"
588;43.54;-111.03917;"WY"
589;35.84167;-105.83333;"NM"
590;40.86278;-109.52694;"UT"
591;39.10306;-106.93444;"CO"
592;43.80861;-115.37583;"ID"
593;38.99194;-106.41472;"CO"
594;37.98833;-106.42417;"CO"
595;44.77778;-107.4775;"WY"
596;44.78167;-116.74167;"ID"
597;43.63083;-111.58972;"ID"
598;39.71028;-111.29417;"UT"
599;33.87222;-109.41833;"AZ"
600;34.25861;-93.22833;"AR"
601;34.10722;-94.05056;"AR"
602;26.78722;-81.30861;"FL"
603;39.2951;-111.2923;"UT"
604;36.28667;-94.01944;"AR"
605;34.25556;-93.185;"AR"
606;34.58806;-93.26472;"AR"
607;39.09972;-107.25833;"CO"
608;34.09722;-84.68056;"GA"
609;36.35472;-94.05056;"AR"
610;37.47639;-91.00694;"MO"
611;39.20306;-123.18639;"CA"
612;44.44306;-104.34806;"WY"
613;38.11083;-119.27611;"CA"
614;40.53;-110.61167;"UT"
615;37.37667;-113.46667;"UT"
616;40.3875;-78.05;"PA"
617;31.10667;-94.10722;"TX"
618;33.38306;-111.51389;"AZ"
619;48.00889;-106.42889;"MT"
620;32.14139;-87.27417;"AL"
621;37.5;-108.55;"CO"
622;41.03278;-115.05333;"NV"
623;37.32417;-90.76667;"MO"
624;40.68971;-105.34916;"CO"
625;40.48778;-111.65167;"UT"
626;41.28194;-111.65306;"UT"
627;36.48306;-93.30028;"AR"
628;40.17472;-115.50028;"NV"
629;37.29972;-106.46667;"CO"
630;38.58897;-119.78717;"CA"
631;37.53806;-106.79611;"CO"
632;40.435;-111.63667;"UT"
633;46.19194;-90.86;"WI"
634;43.52778;-86.11944;"MI"
635;44.70194;-116.13139;"ID"
636;41.24167;-105.41639;"WY"
637;43.96722;-115.61333;"ID"
638;40.68167;-110.94806;"UT"
639;32.36667;-86.46667;"AL"
640;47.75694;-91.78361;"MN"
641;36.19853;-96.25903;"OK"
642;36.37667;-92.54694;"AR"
643;32.17972;-85.01333;"AL"
644;39.805;-79.36694;"PA"
645;36.32278;-85.80861;"TN"
646;36.97917;-84.26667;"KY"
647;32.74278;-94.53583;"TX"
648;44.94889;-116.44;"ID"
649;34.12139;-87.28556;"AL"
650;39.08444;-105.10528;"CO"
651;38.09306;-105.11;"CO"
652;44.02444;-103.78222;"SD"
653;37.21389;-85.26667;"KY"
654;33.87306;-109.41306;"AZ"
655;47.55833;-94.06639;"MN"
656;34.15139;-84.61944;"GA"
657;37.92056;-111.81528;"UT"
658;36.89083;-86.09528;"KY"
659;41.32556;-106.4925;"WY"
660;36.09056;-98.60583;"OK"
661;42.69167;-112.35889;"ID"
662;39.55194;-111.17556;"UT"
663;33.84778;-95.60694;"TX"
664;34.04722;-88.93889;"MS"
665;36.58833;-78.32583;"VA"
666;48.18306;-116.99972;"ID"
667;44.46167;-109.605;"WY"
668;39.19417;-107.23222;"CO"
669;42.33111;-111.23194;"ID"
670;45.20154;-116.14249;"ID"
671;39.64556;-111.25944;"UT"
672;47.50333;-94.06361;"MN"
673;36.61944;-93.56639;"MO"
674;37.4875;-112.29806;"UT"
675;37.34167;-86.12917;"KY"
676;44.10889;-115.70333;"ID"
677;39.01524;-112.08966;"UT"
678;42.05361;-111.57083;"ID"
679;38.68;-80.54694;"WV"
680;33.89806;-96.81306;"OK"
681;33.60028;-88.47139;"MS"
682;34.57528;-93.44028;"AR"
683;34.16389;-89.82222;"MS"
684;30.86667;-94.2375;"TX"
685;31.01075;-97.62073;"TX"
686;37.55278;-90.43722;"MO"
687;37.13361;-90.76694;"MO"
688;33.71917;-82.22417;"SC"
689;45.2225;-90.70528;"WI"
690;37.98361;-79.96694;"VA"
691;38.05056;-119.25722;"CA"
692;42.85861;-97.4825;"NE"
693;36.55944;-93.31944;"MO"
694;38.18611;-119.3175;"CA"
695;33.03889;-96.51028;"TX"
696;34.08111;-94.38111;"AR"
697;44.25833;-107.21583;"WY"
698;46.22167;-86.4375;"MI"
699;42.91278;-110.71278;"WY"
700;36.57333;-92.65361;"MO"
701;44.16806;-85.92944;"MI"
702;35.01065;-83.78306;"NC"
703;44.20583;-111.25139;"ID"
704;42.53194;-111.57583;"ID"
705;31.98;-98.49;"TX"
706;31.19917;-94.07889;"TX"
707;30.69583;-97.40139;"TX"
708;37.62972;-86.43667;"KY"
709;38.70833;-123.0;"CA"
710;33.60833;-88.50417;"MS"
711;37.72333;-107.2575;"CO"
712;43.46083;-91.22306;"WI"
713;34.60167;-82.87083;"SC"
714;31.0725;-94.05944;"TX"
715;35.24722;-93.1625;"AR"
716;32.32417;-87.01583;"AL"
717;41.375;-106.25139;"WY"
718;35.22;-82.77833;"NC"
719;38.17278;-119.33111;"CA"
720;31.11504;-97.51764;"TX"
721;32.96694;-105.71889;"NM"
722;37.57333;-86.49528;"KY"
723;44.59278;-115.6725;"ID"
724;36.86464;-119.31573;"CA"
725;39.23667;-123.17778;"CA"
726;40.70083;-110.88361;"UT"
727;43.70028;-123.0575;"OR"
728;37.66972;-93.75306;"MO"
729;33.65194;-82.42194;"GA"
730;35.33306;-95.5;"OK"
731;38.69472;-89.23361;"IL"
732;40.69129;-105.43214;"CO"
733;42.84889;-97.47028;"NE"
734;34.34389;-82.84139;"GA"
735;34.625;-95.325;"OK"
736;48.17917;-116.89222;"ID"
737;33.85972;-96.83194;"TX"
738;41.46639;-90.80944;"IA"
739;36.80389;-80.05722;"VA"
740;44.32361;-115.64861;"ID"
741;39.18028;-79.60056;"WV"
742;41.25167;-111.78972;"UT"
743;40.74417;-109.44167;"UT"
744;35.29972;-82.81639;"NC"
745;40.75472;-109.67417;"UT"
746;38.07111;-89.00556;"IL"
747;38.89569;-79.24569;"WV"
748;33.87639;-109.40389;"AZ"
749;40.7887;-105.56846;"CO"
750;40.20883;-105.52239;"CO"
751;44.80417;-107.86;"WY"
752;40.7425;-111.09944;"UT"
753;37.73889;-109.40611;"UT"
754;37.52222;-93.80528;"MO"
755;34.30806;-111.03472;"AZ"
756;34.04417;-109.44861;"AZ"
757;40.63194;-115.36778;"NV"
758;43.25333;-72.89222;"VT"
759;43.4325;-111.3625;"ID"
760;39.4;-114.6275;"NV"
761;42.11361;-111.44639;"ID"
762;38.59972;-82.63306;"OH"
763;44.72694;-109.55417;"WY"
764;37.99972;-111.65944;"UT"
765;35.54583;-92.27222;"AR"
766;32.395;-110.69111;"AZ"
767;48.0525;-90.40833;"MN"
768;41.75639;-91.55917;"IA"
769;34.03028;-91.26639;"AR"
770;32.62639;-87.88306;"AL"
771;37.2375;-82.94972;"KY"
772;34.13556;-89.88611;"MS"
773;37.88139;-109.44861;"UT"
774;32.59278;-97.48;"TX"
775;35.47028;-93.81806;"AR"
776;42.13944;-111.62528;"ID"
777;31.62222;-87.55028;"AL"
778;35.27333;-111.58667;"AZ"
779;44.65222;-115.65556;"ID"
780;44.07444;-103.52556;"SD"
781;36.83998;-96.91082;"OK"
782;34.47917;-82.97528;"GA"
783;36.65528;-78.44028;"VA"
784;37.0725;-106.27306;"CO"
785;47.6425;-91.53278;"MN"
786;46.66972;-94.10833;"MN"
787;37.12472;-119.89722;"CA"
788;44.07528;-103.53306;"SD"
789;38.17626;-120.79972;"CA"
790;41.4;-92.99437;"IA"
791;37.51639;-107.8;"CO"
792;41.03278;-115.09194;"NV"
793;40.12056;-111.03667;"UT"
794;44.06306;-111.02222;"ID"
795;34.21503;-95.12522;"OK"
796;40.81367;-109.4655;"UT"
797;36.05083;-86.51028;"TN"
798;39.46333;-114.65306;"NV"
799;41.34972;-109.44614;"WY"
800;43.53722;-115.29514;"ID"
801;43.88833;-85.94222;"MI"
802;43.82194;-115.53667;"ID"
803;42.13917;-111.67528;"ID"
804;43.9855;-103.47007;"SD"
805;44.09278;-115.47583;"ID"
806;34.16111;-89.89167;"MS"
807;47.81556;-91.73139;"MN"
808;36.29972;-85.90889;"TN"
809;40.11944;-105.75581;"CO"
810;35.43944;-80.04861;"NC"
811;38.81306;-106.31528;"CO"
812;41.28889;-80.43833;"PA"
813;35.48389;-84.12333;"TN"
814;46.62361;-116.21833;"ID"
815;35.03306;-106.34972;"NM"
816;39.14167;-106.77083;"CO"
817;36.10611;-86.60389;"TN"
818;35.44847;-80.07866;"NC"
819;45.13944;-88.63944;"WI"
820;41.34;-106.52;"WY"
821;36.24278;-94.0375;"AR"
822;34.86477;-83.22519;"SC"
823;46.31917;-84.97889;"MI"
824;42.51944;-110.69944;"WY"
825;39.79405;-106.03063;"CO"
826;47.64833;-91.42611;"MN"
827;33.10417;-96.44167;"TX"
828;34.16139;-112.2925;"AZ"
829;44.37306;-116.30083;"ID"
830;29.27417;-81.91583;"FL"
831;43.85417;-104.0525;"SD"
832;38.19528;-111.57611;"UT"
833;38.56584;-111.68496;"UT"
834;31.88528;-97.36111;"TX"
835;32.78697;-94.55067;"TX"
836;39.89361;-111.62833;"UT"
837;31.95;-97.38306;"TX"
838;33.83528;-109.08194;"AZ"
839;36.48972;-92.77278;"AR"
840;43.78833;-114.42444;"ID"
841;31.745;-88.14306;"AL"
842;44.39889;-116.89917;"ID"
843;46.24472;-89.31056;"MI"
844;43.75667;-110.91889;"WY"
845;38.48028;-111.45639;"UT"
846;41.75311;-111.71634;"UT"
847;40.53528;-110.63806;"UT"
848;46.31833;-90.85833;"WI"
849;35.2675;-83.01944;"NC"
850;35.77778;-105.70417;"NM"
851;43.12;-110.71667;"WY"
852;40.17722;-111.17333;"UT"
853;35.11528;-112.01722;"AZ"
854;41.74833;-93.6875;"IA"
855;41.49222;-111.94333;"UT"
856;31.11691;-97.47305;"TX"
857;36.32194;-96.12083;"OK"
858;44.3475;-115.66306;"ID"
859;26.72417;-81.69278;"FL"
860;40.92278;-109.35722;"UT"
861;38.26917;-112.48583;"UT"
862;33.27472;-94.34778;"TX"
863;40.12273;-111.15378;"UT"
864;47.51194;-94.04389;"MN"
865;35.0125;-111.73806;"AZ"
866;39.44667;-111.27333;"UT"
867;39.13497;-111.42296;"UT"
868;40.76917;-111.1075;"UT"
869;37.00361;-84.62306;"KY"
870;44.78056;-107.53306;"WY"
871;43.77889;-114.535;"ID"
872;41.38028;-92.96972;"IA"
873;39.58;-111.26;"UT"
874;39.18472;-95.44444;"KS"
875;42.76443;-112.08863;"ID"
876;33.92806;-96.70167;"OK"
877;37.07139;-84.68917;"KY"
878;34.69917;-92.13722;"AR"
879;32.59972;-97.5;"TX"
880;36.59361;-93.44111;"MO"
881;40.20565;-105.84425;"CO"
882;33.84444;-88.53222;"MS"
883;39.09972;-106.36111;"CO"
884;44.17156;-116.12096;"ID"
885;40.95056;-110.39778;"UT"
886;37.33611;-107.915;"CO"
887;38.51778;-109.27389;"UT"
888;35.5375;-92.14583;"AR"
889;38.79167;-80.56639;"WV"
890;37.51861;-112.68472;"UT"
891;36.47611;-93.00694;"AR"
892;43.32778;-111.215;"ID"
893;31.61021;-97.23659;"TX"
894;35.36917;-83.38528;"NC"
895;40.58472;-106.60556;"CO"
896;35.61083;-92.14917;"AR"
897;40.40389;-111.60278;"UT"
898;38.17361;-119.30417;"CA"
899;35.75139;-94.9025;"OK"
900;44.07222;-115.54222;"ID"
901;44.06167;-115.91778;"ID"
902;35.4222;-111.73789;"AZ"
903;35.81694;-106.60611;"NM"
904;42.43;-110.58167;"WY"
905;44.4175;-112.21667;"ID"
906;37.98444;-120.84472;"CA"
907;44.36417;-115.85667;"ID"
908;46.21372;-119.013;"WA"
909;33.98694;-91.36083;"AR"
910;39.58472;-106.06944;"CO"
911;44.2;-103.66944;"SD"
912;34.14306;-89.76389;"MS"
913;39.44571;-81.1512;"OH"
914;37.6075;-86.45361;"KY"
915;35.95167;-96.28028;"OK"
916;39.53917;-91.73306;"MO"
917;41.36083;-106.17167;"WY"
918;47.24472;-94.23083;"MN"
919;38.19972;-93.51;"MO"
920;34.96111;-93.23861;"AR"
921;34.62806;-82.86556;"SC"
922;38.67639;-95.56806;"KS"
923;36.90417;-86.07083;"KY"
924;36.38611;-92.2375;"AR"
925;39.30833;-106.63306;"CO"
926;34.32333;-110.82667;"AZ"
927;34.29889;-111.11417;"AZ"
928;40.965;-109.55167;"UT"
929;40.53417;-110.87278;"UT"
930;35.48167;-82.63;"NC"
931;39.31639;-105.26667;"CO"
932;37.98111;-105.06556;"CO"
933;31.23111;-97.47222;"TX"
934;40.83722;-110.83361;"UT"
935;42.26444;-110.79889;"WY"
936;40.59833;-111.11472;"UT"
937;41.11;-107.17;"WY"
938;44.30167;-106.94917;"WY"
939;40.6625;-109.9125;"UT"
940;35.29972;-82.81639;"NC"
941;32.92083;-105.74167;"NM"
942;37.57361;-112.90861;"UT"
943;30.68167;-97.73306;"TX"
944;39.41667;-105.84972;"CO"
945;33.28694;-94.16583;"TX"
946;36.45222;-95.5925;"OK"
947;38.26;-93.60556;"MO"
948;33.10389;-97.04333;"TX"
949;41.36417;-93.025;"IA"
950;34.19;-84.71806;"GA"
951;36.92;-87.97583;"KY"
952;39.61278;-105.71611;"CO"
953;39.52722;-105.72833;"CO"
954;36.60444;-85.3025;"TN"
955;38.06028;-89.00472;"IL"
956;37.1425;-90.77028;"MO"
957;38.95556;-98.51944;"KS"
958;36.10417;-98.56944;"OK"
959;37.10037;-90.45583;"MO"
960;35.1075;-93.65806;"AR"
961;47.25;-93.58333;"MN"
962;37.29583;-85.3;"KY"
963;34.31639;-110.94167;"AZ"
964;39.27714;-96.63088;"KS"
965;34.04333;-109.45861;"AZ"
966;40.69722;-110.89111;"UT"
967;36.56694;-93.50139;"MO"
968;35.10056;-93.6525;"AR"
969;44.88472;-109.65444;"WY"
970;35.50056;-95.66444;"OK"
971;38.76111;-106.66111;"CO"
972;39.26944;-106.34667;"CO"
973;40.08306;-99.2277;"NE"
974;29.35694;-81.73194;"FL"
975;36.38417;-96.21778;"OK"
976;35.22444;-93.6225;"AR"
977;36.39056;-118.95472;"CA"
978;39.20167;-106.08611;"CO"
979;39.26639;-106.34972;"CO"
980;34.54694;-93.36111;"AR"
981;39.37667;-106.81389;"CO"
982;34.32861;-110.93917;"AZ"
983;40.54194;-110.33611;"UT"
984;39.06472;-105.09222;"CO"
985;39.13306;-106.9;"CO"
986;38.93278;-98.575;"KS"
987;36.27861;-86.50861;"TN"
988;35.40167;-84.10722;"TN"
989;40.90889;-109.44972;"UT"
990;36.35278;-92.23944;"AR"
991;38.55556;-111.71611;"UT"
992;39.34159;-105.32963;"CO"
993;35.58806;-92.18528;"AR"
994;37.82611;-93.36139;"MO"
995;32.07;-97.49333;"TX"
996;42.095;-111.51944;"ID"
997;39.8121;-122.36684;"CA"
998;40.49167;-112.59083;"UT"
999;42.34194;-72.84944;"MA"
1000;35.32833;-84.12889;"TN"
1001;43.87333;-71.62667;"NH"
1002;37.24167;-83.37278;"KY"
1003;37.93111;-79.97111;"VA"
1004;41.83194;-78.95944;"PA"
1005;46.35028;-90.92361;"WI"
1006;44.70417;-116.13194;"ID"
1007;35.03;-111.46333;"AZ"
1008;35.61611;-95.05694;"OK"
1009;35.94083;-95.27611;"OK"
1010;38.23333;-95.75;"KS"
1011;44.13556;-114.93167;"ID"
1012;34.28944;-93.26778;"AR"
1013;37.66717;-96.07268;"KS"
1014;41.40167;-79.08333;"PA"
1015;44.26444;-71.01333;"NH"
1016;40.55417;-110.88667;"UT"
1017;41.945;-71.9;"CT"
1018;36.43222;-95.68083;"OK"
1019;44.12;-111.31361;"ID"
1020;40.79651;-105.56551;"CO"
1021;45.33083;-90.44389;"WI"
1022;37.02972;-81.12306;"VA"
1023;44.49778;-111.25556;"ID"
1024;39.04417;-105.07972;"CO"
1025;34.17389;-112.285;"AZ"
1026;44.31639;-115.08806;"ID"
1027;36.69583;-81.4875;"VA"
1028;40.97972;-111.80389;"UT"
1029;39.9325;-105.49778;"CO"
1030;39.07972;-105.09333;"CO"
1031;34.59111;-82.89722;"SC"
1032;41.02525;-106.8636;"WY"
1033;44.43528;-83.62389;"MI"
1034;36.30986;-115.60666;"NV"
1035;32.75528;-94.49444;"TX"
1036;36.68694;-81.54111;"VA"
1037;39.44278;-111.2375;"UT"
1038;31.96609;-96.74151;"TX"
1039;38.51556;-106.32417;"CO"
1040;39.27861;-106.43222;"CO"
1041;43.52917;-115.30417;"ID"
1042;38.075;-83.5;"KY"
1043;38.0225;-107.66167;"CO"
1044;43.88444;-103.43528;"SD"
1045;39.53889;-111.15889;"UT"
1046;32.61833;-97.4975;"TX"
1047;44.28306;-106.94278;"WY"
1048;44.06417;-115.68194;"ID"
1049;33.87556;-109.41306;"AZ"
1050;39.32694;-111.49778;"UT"
1051;40.48139;-111.03194;"UT"
1052;44.13686;-115.32291;"ID"
1053;31.96667;-98.50417;"TX"
1054;33.03778;-96.44556;"TX"
1055;33.02611;-85.17889;"GA"
1056;35.31;-93.43056;"AR"
1057;34.95028;-93.15611;"AR"
1058;33.96528;-109.48417;"AZ"
1059;35.9774;-85.72087;"TN"
1060;35.51594;-91.99647;"AR"
1061;34.10694;-84.69556;"GA"
1062;40.13146;-105.56706;"CO"
1063;32.49583;-88.80972;"MS"
1064;36.40472;-92.32083;"AR"
1065;39.42028;-106.315;"CO"
1066;46.35056;-84.86833;"MI"
1067;34.69833;-112.13611;"AZ"
1068;38.49085;-95.75952;"KS"
1069;39.53556;-91.6475;"MO"
1070;44.26639;-111.45806;"ID"
1071;38.74972;-79.50028;"WV"
1072;48.2375;-116.58333;"ID"
1073;39.225;-95.4375;"KS"
1074;46.03306;-84.71917;"MI"
1075;35.68167;-94.96278;"OK"
1076;35.75278;-82.22139;"NC"
1077;31.99;-98.46;"TX"
1078;32.29306;-96.69389;"TX"
1079;37.74556;-111.9525;"UT"
1080;38.96139;-105.36139;"CO"
1081;38.90667;-105.46778;"CO"
1082;39.42528;-105.84083;"CO"
1083;34.67056;-84.55;"GA"
1084;36.39714;-93.90411;"AR"
1085;38.90528;-106.58611;"CO"
1086;43.21556;-110.42278;"WY"
1087;37.40417;-106.63861;"CO"
1088;36.75806;-81.27056;"VA"
1089;36.145;-98.59917;"OK"
1090;43.79306;-114.45889;"ID"
1091;35.36917;-83.38528;"NC"
1092;35.35694;-111.95833;"AZ"
1093;35.29194;-82.73861;"NC"
1094;39.84167;-105.49417;"CO"
1095;30.53;-95.53611;"TX"
1096;41.56972;-90.39;"IL"
1097;38.70119;-96.49756;"KS"
1098;38.27611;-93.46972;"MO"
1099;44.33278;-71.21944;"NH"
1100;36.79215;-96.84535;"OK"
1101;34.30818;-83.93132;"GA"
1102;34.625;-95.325;"OK"
1103;43.55639;-111.06889;"ID"
1104;38.0375;-88.93611;"IL"
1105;35.35083;-95.38306;"OK"
1106;35.29417;-95.3675;"OK"
1107;43.07056;-110.83333;"WY"
1108;44.49111;-111.36611;"ID"
1109;43.95722;-115.27583;"ID"
1110;36.55778;-93.67667;"MO"
1111;39.04139;-107.98306;"CO"
1112;44.33392;-115.65007;"ID"
1113;43.80278;-115.12833;"ID"
1114;43.62889;-115.43694;"ID"
1115;43.20444;-110.83333;"WY"
1116;43.92556;-115.40083;"ID"
1117;42.19139;-112.12306;"ID"
1118;39.44611;-111.14194;"UT"
1119;39.60778;-106.04444;"CO"
1120;38.28778;-106.16778;"CO"
1121;40.58361;-111.10028;"UT"
1122;42.72861;-112.41722;"ID"
1123;42.72111;-111.20722;"ID"
1124;47.0375;-98.08333;"ND"
1125;39.41677;-79.11611;"WV"
1126;34.22222;-83.94944;"GA"
1127;36.11972;-81.24528;"NC"
1128;39.13472;-95.43056;"KS"
1129;38.29639;-93.39639;"MO"
1130;34.74667;-90.1325;"MS"
1131;35.24;-95.49222;"OK"
1132;45.95472;-90.07222;"WI"
1133;43.78306;-116.08417;"ID"
1134;38.64583;-95.55972;"KS"
1135;32.40833;-110.72056;"AZ"
1136;40.8825;-109.54944;"UT"
1137;42.76556;-112.09528;"ID"
1138;43.9;-114.88306;"ID"
1139;46.29222;-91.19333;"WI"
1140;45.92472;-89.00806;"WI"
1141;40.32972;-111.06694;"UT"
1142;40.49722;-110.84583;"UT"
1143;44.24861;-115.0525;"ID"
1144;44.16333;-107.25222;"WY"
1145;45.84167;-86.98306;"MI"
1146;45.98583;-84.97167;"MI"
1147;44.29101;-115.65206;"ID"
1148;38.97667;-104.98306;"CO"
1149;32.27139;-96.66778;"TX"
1150;40.49139;-111.10361;"UT"
1151;39.65627;-105.59564;"CO"
1152;41.90061;-100.29914;"NE"
1153;34.74033;-83.892;"GA"
1154;29.90472;-98.27306;"TX"
1155;39.25167;-105.23417;"CO"
1156;44.77139;-107.44306;"WY"
1157;40.56056;-110.69972;"UT"
1158;44.30611;-115.05528;"ID"
1159;36.26333;-115.61444;"NV"
1160;45.1225;-116.02889;"ID"
1161;38.91056;-105.46028;"CO"
1162;44.01257;-103.803;"SD"
1163;40.92639;-109.43917;"UT"
1164;35.70417;-106.62583;"NM"
1165;34.35194;-111.97028;"AZ"
1166;34.28611;-110.24028;"AZ"
1167;43.79528;-115.58722;"ID"
1168;44.37111;-115.12583;"ID"
1169;41.66083;-111.66528;"UT"
1170;35.01639;-111.84972;"AZ"
1171;40.79083;-109.76;"UT"
1172;42.45278;-105.83389;"WY"
1173;40.1914;-105.87362;"CO"
1174;34.78917;-83.23583;"SC"
1175;42.52639;-111.17;"ID"
1176;40.13;-105.51833;"CO"
1177;30.30278;-96.54472;"TX"
1178;40.15222;-111.05528;"UT"
1179;38.69247;-96.53731;"KS"
1180;40.57639;-111.61111;"UT"
1181;36.53444;-96.16222;"OK"
1182;41.76194;-111.69861;"UT"
1183;34.44639;-82.82167;"SC"
1184;37.60639;-93.78111;"MO"
1185;43.87472;-103.61444;"SD"
1186;29.05028;-81.7625;"FL"
1187;34.49889;-83.48361;"GA"
1188;35.29194;-82.73861;"NC"
1189;39.89972;-120.18667;"CA"
1190;35.69833;-118.42917;"CA"
1191;37.24778;-119.16111;"CA"
1192;34.28778;-116.97444;"CA"
1193;39.43444;-88.76;"IL"
1194;40.83667;-122.84806;"CA"
1195;37.07306;-119.15389;"CA"
1196;39.4375;-120.09083;"CA"
1197;39.41917;-120.08639;"CA"
1198;38.41639;-120.105;"CA"
1199;34.32556;-117.83722;"CA"
1200;47.76639;-116.01667;"ID"
1201;34.54306;-119.82028;"CA"
1202;37.59889;-118.85083;"CA"
1203;45.85861;-114.02306;"MT"
1204;37.11389;-119.30972;"CA"
1205;48.54028;-116.92528;"ID"
1206;39.67889;-120.46222;"CA"
1207;45.80722;-114.11028;"MT"
1208;37.27972;-118.96361;"CA"
1209;35.97778;-118.59167;"CA"
1210;39.41667;-120.59972;"CA"
1211;40.66778;-121.44556;"CA"
1212;35.97917;-118.58056;"CA"
1213;45.56936;-110.83557;"MT"
1214;56.36444;-132.00472;"AK"
1215;39.51333;-120.98333;"CA"
1216;38.675;-119.8875;"CA"
1217;35.70278;-118.46111;"CA"
1218;40.17833;-120.57833;"CA"
1219;58.41389;-134.56111;"AK"
1220;38.10056;-111.32611;"UT"
1221;34.26167;-117.08333;"CA"
1222;37.78194;-119.07389;"CA"
1223;37.48361;-118.7175;"CA"
1224;39.89056;-120.47694;"CA"
1225;38.57361;-120.4375;"CA"
1226;48.73417;-116.86917;"ID"
1227;60.48472;-149.88583;"AK"
1228;57.50651;-135.09184;"AK"
1229;40.855;-122.81889;"CA"
1230;46.79198;-116.17313;"ID"
1231;38.62361;-111.66083;"UT"
1232;55.68333;-132.85;"AK"
1233;39.62389;-120.64972;"CA"
1234;39.48556;-120.23639;"CA"
1235;58.57333;-134.74917;"AK"
1236;39.51389;-120.97444;"CA"
1237;60.63333;-149.88361;"AK"
1238;56.99639;-132.78361;"AK"
1239;39.2575;-120.20917;"CA"
1240;60.01861;-147.38083;"AK"
1241;34.36083;-117.79917;"CA"
1242;37.365;-119.35222;"CA"
1243;45.17417;-111.24167;"MT"
1244;58.43694;-134.73444;"AK"
1245;60.20417;-144.64056;"AK"
1246;41.79361;-123.38278;"CA"
1247;56.71028;-132.54167;"AK"
1248;58.26361;-134.45778;"AK"
1249;46.52528;-112.255;"MT"
1250;57.17156;-135.75497;"AK"
1251;55.82722;-131.44972;"AK"
1252;38.10637;-111.27684;"UT"
1253;56.64611;-133.25;"AK"
1254;57.03639;-132.87806;"AK"
1255;57.66313;-134.25403;"AK"
1256;56.71472;-132.105;"AK"
1257;57.67009;-134.18521;"AK"
1258;45.02306;-113.32139;"MT"
1259;56.57917;-133.06972;"AK"
1260;39.50722;-120.54;"CA"
1261;60.43744;-149.98675;"AK"
1262;40.84444;-122.84333;"CA"
1263;57.03056;-132.69194;"AK"
1264;39.6175;-120.49944;"CA"
1265;60.44361;-145.21583;"AK"
1266;58.40944;-134.69667;"AK"
1267;34.17556;-116.8625;"CA"
1268;55.82056;-133.1525;"AK"
1269;60.65806;-148.30944;"AK"
1270;60.36806;-149.01222;"AK"
1271;59.24833;-138.50278;"AK"
1272;55.48722;-130.82698;"AK"
1273;44.78083;-112.21;"MT"
1274;60.426;-146.66353;"AK"
1275;55.26056;-130.67111;"AK"
1276;60.44444;-149.50389;"AK"
1277;45.18472;-111.41639;"MT"
1278;60.72989;-149.70928;"AK"
1279;45.87472;-110.89194;"MT"
1280;59.91417;-147.5;"AK"
1281;37.37917;-119.00972;"CA"
1282;37.30778;-119.54417;"CA"
1283;48.41361;-114.58556;"MT"
1284;39.56472;-120.66111;"CA"
1285;38.92639;-120.05;"CA"
1286;37.61583;-119.00694;"CA"
1287;39.03778;-120.12361;"CA"
1288;36.1875;-118.6625;"CA"
1289;55.40722;-131.69972;"AK"
1290;33.82639;-116.75389;"CA"
1291;39.32934;-120.56943;"CA"
1292;40.87444;-122.76917;"CA"
1293;57.13278;-135.36639;"AK"
1294;45.06194;-109.40889;"MT"
1295;48.72083;-114.85722;"MT"
1296;41.78417;-123.04306;"CA"
1297;48.55905;-115.97298;"MT"
1298;37.73333;-119.01667;"CA"
1299;45.38056;-111.18167;"MT"
1300;36.665;-118.83806;"CA"
1301;47.47639;-116.84139;"ID"
1302;40.56639;-120.83878;"CA"
1303;36.76889;-118.295;"CA"
1304;45.47472;-110.95611;"MT"
1305;36.77556;-118.89361;"CA"
1306;39.52;-120.99667;"CA"
1307;39.90194;-120.1725;"CA"
1308;39.61889;-120.6175;"CA"
1309;39.36694;-123.02056;"CA"
1310;44.70972;-111.23528;"MT"
1311;39.31861;-120.79111;"CA"
1312;33.83417;-116.73889;"CA"
1313;47.12778;-113.15167;"MT"
1314;45.60139;-109.89806;"MT"
1315;45.08306;-109.3;"MT"
1316;39.14139;-120.40917;"CA"
1317;34.21972;-116.71639;"CA"
1318;34.37194;-118.18306;"CA"
1319;45.01781;-111.72135;"MT"
1320;34.32278;-118.01778;"CA"
1321;35.70278;-118.46111;"CA"
1322;48.48333;-115.3;"MT"
1323;36.66417;-118.84167;"CA"
1324;37.26944;-119.115;"CA"
1325;34.17139;-116.88167;"CA"
1326;45.83028;-115.97194;"ID"
1327;38.92361;-120.40417;"CA"
1328;48.70722;-114.81333;"MT"
1329;40.54812;-120.81201;"CA"
1330;48.88889;-115.1375;"MT"
1331;46.5025;-113.12028;"MT"
1332;39.73528;-120.95306;"CA"
1333;39.32056;-120.84528;"CA"
1334;48.21667;-116.28306;"ID"
1335;34.17222;-116.87444;"CA"
1336;37.56444;-118.78472;"CA"
1337;34.26139;-116.91944;"CA"
1338;48.6252;-116.89188;"ID"
1339;40.02694;-120.96444;"CA"
1340;37.12583;-118.43389;"CA"
1341;41.57861;-121.65972;"CA"
1342;37.24389;-118.59333;"CA"
1343;39.3788;-120.1552;"CA"
1344;37.12833;-118.42222;"CA"
1345;39.48472;-120.55306;"CA"
1346;47.32444;-113.57722;"MT"
1347;39.13556;-120.41056;"CA"
1348;37.20806;-118.56833;"CA"
1349;37.5625;-118.66417;"CA"
1350;45.84306;-116.08333;"ID"
1351;38.89167;-120.39167;"CA"
1352;45.45111;-111.37361;"MT"
1353;48.95528;-114.81083;"MT"
1354;47.74083;-116.00556;"ID"
1355;48.90652;-115.66119;"MT"
1356;40.91361;-122.2625;"CA"
1357;44.91778;-111.82944;"MT"
1358;45.67667;-112.88778;"MT"
1359;37.45382;-118.73901;"CA"
1360;47.89417;-113.87306;"MT"
1361;46.34912;-113.6094;"MT"
1362;46.07556;-113.52417;"MT"
1363;41.12806;-122.27861;"CA"
1364;45.72667;-115.53194;"ID"
1365;39.00222;-120.3125;"CA"
1366;46.42972;-112.48028;"MT"
1367;45.20694;-112.64167;"MT"
1368;35.67194;-118.47222;"CA"
1369;38.19083;-119.99722;"CA"
1370;40.80167;-122.28194;"CA"
1371;36.79472;-118.90472;"CA"
1372;35.6725;-118.46917;"CA"
1373;45.44139;-111.20639;"MT"
1374;37.32639;-119.01778;"CA"
1375;35.84583;-118.63472;"CA"
1376;39.50407;-120.53438;"CA"
1377;55.24806;-132.55361;"AK"
1378;39.88306;-121.19917;"CA"
1379;45.3725;-111.16806;"MT"
1380;37.25;-118.55;"CA"
1381;34.51722;-119.27694;"CA"
1382;34.23528;-116.88306;"CA"
1383;32.86139;-116.41611;"CA"
1384;35.82861;-118.45778;"CA"
1385;40.88389;-122.21778;"CA"
1386;41.85639;-123.88889;"CA"
1387;36.14167;-118.59972;"CA"
1388;35.79583;-118.45111;"CA"
1389;59.54472;-135.08833;"AK"
1390;37.25194;-119.16889;"CA"
1391;57.4257;-133.92853;"AK"
1392;55.97139;-131.39333;"AK"
1393;59.50139;-135.22639;"AK"
1394;56.6975;-132.26722;"AK"
1395;60.62153;-149.75219;"AK"
1396;37.81667;-120.08333;"CA"
1397;55.59761;-131.56288;"AK"
1398;35.67083;-118.47222;"CA"
1399;58.12219;-134.4725;"AK"
1400;56.54806;-133.18722;"AK"
1401;57.87361;-136.44972;"AK"
1402;38.98;-120.32;"CA"
1403;57.06639;-135.60734;"AK"
1404;60.1975;-149.41333;"AK"
1405;39.92546;-120.51049;"CA"
1406;34.54167;-119.80917;"CA"
1407;60.41472;-149.38028;"AK"
1408;37.30778;-119.54417;"CA"
1409;39.62944;-120.54472;"CA"
1410;40.8875;-122.3775;"CA"
1411;39.13833;-120.15611;"CA"
1412;39.66667;-120.65778;"CA"
1413;46.0875;-115.51389;"ID"
1414;38.65111;-120.40611;"CA"
1415;37.31306;-119.57;"CA"
1416;35.80667;-118.45278;"CA"
1417;34.38639;-117.68944;"CA"
1418;37.32861;-119.57778;"CA"
1419;39.62778;-120.64472;"CA"
1420;40.18333;-120.61194;"CA"
1421;39.39417;-120.10556;"CA"
1422;39.53944;-120.91139;"CA"
1423;41.30889;-123.52083;"CA"
1424;37.33306;-119.58528;"CA"
1425;45.92278;-113.72611;"MT"
1426;47.93639;-113.85056;"MT"
1427;59.80222;-147.88639;"AK"
1428;45.0175;-111.96278;"MT"
1429;33.65583;-117.46028;"CA"
1430;35.95417;-118.61806;"CA"
1431;40.36694;-123.31694;"CA"
1432;39.54278;-120.31472;"CA"
1433;45.50028;-110.51667;"MT"
1434;34.22333;-116.975;"CA"
1435;56.24111;-133.32;"AK"
1436;57.34926;-134.16308;"AK"
1437;46.99417;-115.53333;"ID"
1438;56.64417;-131.89889;"AK"
1439;47.38556;-115.39556;"MT"
1440;41.63222;-123.08194;"CA"
1441;34.55583;-119.75389;"CA"
1442;56.98056;-135.35056;"AK"
1443;45.04;-111.28583;"MT"
1444;60.78306;-149.67806;"AK"
1445;44.80389;-111.88917;"MT"
1446;55.22321;-131.15513;"AK"
1447;57.70333;-135.71472;"AK"
1448;45.42667;-111.20639;"MT"
1449;32.85028;-116.42;"CA"
1450;56.57806;-132.36583;"AK"
1451;34.53917;-119.79111;"CA"
1452;45.24917;-105.9325;"MT"
1453;48.67694;-115.19;"MT"
1454;48.84528;-116.10194;"ID"
1455;60.46639;-146.43806;"AK"
1456;58.31239;-133.95686;"AK"
1457;55.455;-133.35778;"AK"
1458;46.83944;-110.97389;"MT"
1459;56.165;-132.68917;"AK"
1460;57.81861;-136.15278;"AK"
1461;56.86833;-133.31722;"AK"
1462;56.01139;-131.565;"AK"
1463;55.53972;-132.855;"AK"
1464;48.83722;-114.35167;"MT"
1465;55.61833;-131.48333;"AK"
1466;56.96136;-135.14729;"AK"
1467;57.24278;-135.39778;"AK"
1468;55.93722;-131.80667;"AK"
1469;60.69278;-148.39833;"AK"
1470;57.42111;-135.71943;"AK"
1471;40.18778;-121.68333;"CA"
1472;55.57194;-131.51944;"AK"
1473;46.97861;-112.53139;"MT"
1474;46.82222;-111.67944;"MT"
1475;57.58194;-134.27393;"AK"
1476;57.51444;-135.04194;"AK"
1477;56.76306;-132.93667;"AK"
1478;58.13445;-134.49441;"AK"
1479;56.6193;-132.5137;"AK"
1480;46.78722;-115.30333;"ID"
1481;34.29222;-116.86444;"CA"
1482;34.22333;-116.80611;"CA"
1483;56.64361;-133.72167;"AK"
1484;48.87361;-114.37667;"MT"
1485;55.09417;-130.64444;"AK"
1486;61.05111;-149.10889;"AK"
1487;39.27056;-120.65889;"CA"
1488;37.68222;-119.08944;"CA"
1489;40.86667;-122.25306;"CA"
1490;38.86583;-120.405;"CA"
1491;45.75111;-113.95083;"MT"
1492;36.80278;-118.93694;"CA"
1493;36.77472;-118.34556;"CA"
1494;34.51194;-119.27361;"CA"
1495;40.92722;-122.24806;"CA"
1496;60.38348;-144.5889;"AK"
1497;36.59761;-118.18481;"CA"
1498;37.47065;-119.64273;"CA"
1499;39.11389;-120.42389;"CA"
1500;34.24472;-117.06194;"CA"
1501;32.73028;-116.4825;"CA"
1502;38.98194;-119.94861;"CA"
1503;55.47944;-130.58278;"AK"
1504;36.66472;-118.83167;"CA"
1505;45.485;-110.96778;"MT"
1506;32.88694;-116.45556;"CA"
1507;61.08222;-147.86111;"AK"
1508;57.66519;-135.00936;"AK"
1509;34.20831;-117.04683;"CA"
1510;40.87472;-122.2375;"CA"
1511;33.31278;-116.86472;"CA"
1512;39.30639;-120.51944;"CA"
1513;34.22333;-116.975;"CA"
1514;38.92917;-120.325;"CA"
1515;46.50417;-111.20833;"MT"
1516;59.87889;-147.455;"AK"
1517;61.0003;-146.51013;"AK"
1518;60.21611;-147.28917;"AK"
1519;56.70528;-134.92389;"AK"
1520;34.17556;-116.8625;"CA"
1521;40.86667;-122.25306;"CA"
1522;56.84556;-133.68861;"AK"
1523;60.57039;-149.87569;"AK"
1524;59.41333;-139.09389;"AK"
1525;56.06028;-131.46611;"AK"
1526;38.755;-120.275;"CA"
1527;55.58167;-132.66861;"AK"
1528;60.34861;-149.07333;"AK"
1529;38.87917;-120.3625;"CA"
1530;59.29722;-139.08583;"AK"
1531;39.62361;-120.61222;"CA"
1532;47.60972;-93.57694;"MN"
1533;46.46;-84.77944;"MI"
1534;47.13583;-94.45667;"MN"
1535;40.59575;-105.84285;"CO"
1536;44.49694;-111.34;"ID"
1537;39.56639;-120.59917;"CA"
1538;40.89278;-109.45417;"UT"
1539;38.95278;-78.73472;"WV"
1540;44.71528;-107.46139;"WY"
1541;39.87944;-106.27722;"CO"
1542;38.71417;-106.22278;"CO"
1543;33.84083;-95.53417;"TX"
1544;45.64028;-105.97611;"MT"
1545;37.74667;-112.58556;"UT"
1546;44.11917;-86.4275;"MI"
1547;40.96556;-110.38722;"UT"
1548;34.73361;-90.06889;"MS"
1549;39.27356;-106.34869;"CO"
1550;41.37722;-123.45139;"CA"
1551;45.93747;-86.70709;"MI"
1552;42.55917;-111.29694;"ID"
1553;48.3325;-113.94944;"MT"
1554;29.18222;-81.7125;"FL"
1555;35.53528;-118.70694;"CA"
1556;36.71889;-118.835;"CA"
1557;36.86222;-119.28861;"CA"
1558;32.41194;-110.73194;"AZ"
1559;47.17833;-114.9075;"MT"
1560;40.92944;-109.47778;"UT"
1561;48.26222;-113.415;"MT"
1562;47.9125;-115.89639;"MT"
1563;48.38194;-114.71;"MT"
1564;39.33194;-105.31667;"CO"
1565;40.23333;-122.91694;"CA"
1566;45.6425;-113.82222;"MT"
1567;44.14833;-106.95306;"WY"
1568;40.64556;-111.64611;"UT"
1569;46.32389;-111.74444;"MT"
1570;42.35111;-112.26444;"ID"
1571;47.19222;-113.49389;"MT"
1572;47.75306;-92.47222;"MN"
1573;38.58278;-106.22;"CO"
1574;45.06806;-116.16694;"ID"
1575;35.45139;-80.07278;"NC"
1576;45.77278;-88.54083;"WI"
1577;45.99472;-112.82306;"MT"
1578;45.69083;-112.425;"MT"
1579;47.01639;-110.49806;"MT"
1580;46.10361;-115.55917;"ID"
1581;48.83611;-115.92917;"MT"
1582;46.44833;-115.33139;"ID"
1583;47.90083;-115.03833;"MT"
1584;46.22917;-113.57083;"MT"
1585;34.81556;-119.09833;"CA"
1586;46.05778;-86.54972;"MI"
1587;31.94615;-96.71671;"TX"
1588;40.05833;-107.44972;"CO"
1589;43.98082;-103.47229;"SD"
1590;36.63972;-93.04583;"MO"
1591;32.79944;-94.59194;"TX"
1592;31.67444;-85.06417;"GA"
1593;38.84944;-120.23111;"CA"
1594;35.91722;-121.465;"CA"
1595;44.35194;-70.98417;"ME"
1596;39.26222;-106.35278;"CO"
1597;44.14083;-114.91111;"ID"
1598;32.11583;-87.38972;"AL"
1599;39.14556;-111.45528;"UT"
1600;40.16889;-111.47528;"UT"
1601;33.35833;-94.19167;"TX"
1602;44.33889;-71.21861;"NH"
1603;37.64889;-119.07361;"CA"
1604;44.28889;-115.03194;"ID"
1605;33.78861;-116.73778;"CA"
1606;31.82611;-99.56583;"TX"
1607;34.27167;-93.20417;"AR"
1608;36.58986;-118.22978;"CA"
1609;36.25833;-92.24056;"AR"
1610;35.52194;-91.9975;"AR"
1611;38.90417;-120.59167;"CA"
1612;40.87861;-93.02667;"IA"
1613;34.23528;-117.20917;"CA"
1614;42.28583;-90.40333;"IL"
1615;39.45139;-88.7625;"IL"
1616;47.1375;-98.0;"ND"
1617;36.23972;-121.47861;"CA"
1618;34.15861;-116.78583;"CA"
1619;38.71361;-123.05639;"CA"
1620;37.90278;-93.32917;"MO"
1621;38.00667;-80.01056;"WV"
1622;40.08694;-99.31556;"NE"
1623;36.04489;-85.76347;"TN"
1624;46.69694;-111.62417;"MT"
1625;41.46139;-111.49694;"UT"
1626;31.96444;-97.41417;"TX"
1627;45.47833;-110.95167;"MT"
1628;33.29861;-94.16806;"TX"
1629;34.29972;-110.99806;"AZ"
1630;41.78417;-123.04306;"CA"
1631;34.34528;-118.00472;"CA"
1632;35.93694;-112.12306;"AZ"
1633;39.8432;-105.52261;"CO"
1634;48.28389;-113.90833;"MT"
1635;46.99778;-111.09833;"MT"
1636;47.74444;-115.38306;"MT"
1637;48.88333;-114.39167;"MT"
1638;43.80722;-115.86472;"ID"
1639;34.23528;-116.88028;"CA"
1640;39.63083;-120.55861;"CA"
1641;40.88944;-109.55917;"UT"
1642;34.31694;-116.68556;"CA"
1643;41.36278;-106.24083;"WY"
1644;46.6825;-110.49472;"MT"
1645;39.05111;-120.46611;"CA"
1646;48.6375;-115.54444;"MT"
1647;45.54583;-111.04972;"MT"
1648;47.35889;-115.76528;"ID"
1649;45.85194;-112.74361;"MT"
1650;45.5475;-110.30778;"MT"
1651;39.12083;-95.45417;"KS"
1652;37.90472;-93.30778;"MO"
1653;46.78833;-93.32833;"MN"
1654;36.5;-99.58333;"OK"
1655;41.98778;-78.91056;"PA"
1656;46.17639;-90.90917;"WI"
1657;33.66194;-82.26083;"GA"
1658;30.80833;-94.15833;"TX"
1659;36.42111;-92.22222;"AR"
1660;43.95444;-71.21389;"NH"
1661;38.19972;-93.51;"MO"
1662;31.27194;-94.40306;"TX"
1663;35.64167;-106.325;"NM"
1664;32.51556;-87.86944;"AL"
1665;39.075;-96.92333;"KS"
1666;30.29861;-96.56806;"TX"
1667;39.21245;-114.96759;"NV"
1668;31.15139;-94.00639;"TX"
1669;34.27;-111.31417;"AZ"
1670;46.25556;-118.84472;"WA"
1671;36.53778;-85.45694;"TN"
1672;36.8725;-85.14667;"KY"
1673;32.95833;-105.73306;"NM"
1674;40.70222;-109.55778;"UT"
1675;42.07056;-112.69139;"ID"
1676;44.18361;-107.2375;"WY"
1677;34.89944;-83.2225;"GA"
1678;40.91167;-109.41111;"UT"
1679;44.46556;-112.02111;"ID"
1680;44.26593;-115.88002;"ID"
1681;36.11833;-98.61444;"OK"
1682;40.13167;-111.52694;"UT"
1683;45.93167;-119.34833;"WA"
1684;35.95694;-96.31528;"OK"
1685;35.29028;-95.38444;"OK"
1686;37.925;-80.25;"WV"
1687;41.4475;-90.87722;"IA"
1688;41.00694;-80.99806;"OH"
1689;35.86778;-95.23361;"OK"
1690;34.02139;-87.26917;"AL"
1691;44.18361;-107.20889;"WY"
1692;42.095;-111.53167;"ID"
1693;42.37;-111.55528;"ID"
1694;36.31194;-115.61611;"NV"
1695;45.84306;-90.27722;"WI"
1696;40.56694;-110.50083;"UT"
1697;44.28;-106.94528;"WY"
1698;41.95167;-90.11083;"IL"
1699;35.3606;-83.91563;"NC"
1700;44.36944;-114.72361;"ID"
1701;38.66354;-89.25822;"IL"
1702;38.80111;-111.68333;"UT"
1703;41.20306;-106.21667;"WY"
1704;38.22917;-95.76667;"KS"
1705;37.6225;-86.45306;"KY"
1706;36.58733;-85.34212;"TN"
1707;47.99528;-91.91389;"MN"
1708;31.07028;-94.12472;"TX"
1709;39.43694;-105.86083;"CO"
1710;44.57028;-116.94639;"ID"
1711;39.7722;-122.35285;"CA"
1712;38.92333;-95.40049;"KS"
1713;42.13861;-111.69472;"ID"
1714;38.36278;-97.09972;"KS"
1715;39.7875;-111.72972;"UT"
1716;39.03056;-105.43111;"CO"
1717;38.07111;-89.00556;"IL"
1718;44.41972;-115.40278;"ID"
1719;38.89569;-79.24625;"WV"
1720;39.57361;-111.175;"UT"
1721;40.55694;-106.58722;"CO"
1722;45.30556;-90.43583;"WI"
1723;43.13472;-122.14306;"OR"
1724;44.25806;-71.50444;"NH"
1725;48.67194;-121.67639;"WA"
1726;42.05472;-123.11444;"OR"
1727;44.43361;-83.61833;"MI"
1728;44.05417;-124.10722;"OR"
1729;47.69111;-121.3925;"WA"
1730;48.525;-113.98361;"MT"
1731;37.60694;-119.0075;"CA"
1732;46.24972;-100.53333;"ND"
1733;37.37417;-106.88667;"CO"
1734;48.07833;-121.7375;"WA"
1735;40.53;-121.56194;"CA"
1736;46.52056;-100.54333;"ND"
1737;37.6;-119.00806;"CA"
1738;37.53472;-107.80583;"CO"
1739;36.02778;-107.95833;"NM"
1740;37.73333;-105.51667;"CO"
1741;47.78444;-116.66556;"ID"
1742;46.90722;-121.02611;"WA"
1743;41.26861;-111.82222;"UT"
1744;47.60639;-116.66861;"ID"
1745;40.44917;-73.99611;"NJ"
1746;35.42611;-82.66556;"NC"
1747;48.21417;-117.05361;"WA"
1748;37.39389;-107.53889;"CO"
1749;32.9975;-97.08917;"TX"
1750;57.75833;-152.49611;"AK"
1751;37.44472;-106.90306;"CO"
1752;46.96889;-121.21;"WA"
1753;48.26833;-121.32833;"WA"
1754;29.09806;-81.65056;"FL"
1755;38.01917;-106.68139;"CO"
1756;40.60359;-74.05881;"NY"
1757;44.46369;-112.02588;"ID"
1758;38.22674;-112.39276;"UT"
1759;32.64444;-109.82583;"AZ"
1760;47.60833;-120.885;"WA"
1761;47.95806;-120.5375;"WA"
1762;42.35889;-122.35694;"OR"
1763;37.70444;-106.64667;"CO"
1764;43.76833;-121.63306;"OR"
1765;48.56389;-116.89333;"ID"
1766;32.64444;-109.82583;"AZ"
1767;47.16472;-113.53111;"MT"
1768;48.88417;-116.16944;"ID"
1769;48.55111;-116.86556;"ID"
1770;42.654;-122.378;"OR"
1771;34.65;-118.76667;"CA"
1772;45.38139;-121.85944;"OR"
1773;46.43833;-86.70833;"MI"
1774;36.39;-93.87693;"AR"
1775;45.2175;-121.38417;"OR"
1776;47.40583;-121.58167;"WA"
1777;30.6775;-97.75917;"TX"
1778;40.88706;-122.76581;"CA"
1779;43.50194;-121.97444;"OR"
1780;36.66472;-118.83167;"CA"
1781;36.21842;-94.01591;"AR"
1782;45.10028;-121.74583;"OR"
1783;36.3343;-93.93358;"AR"
1784;40.92611;-122.91528;"CA"
1785;34.76056;-76.41222;"NC"
1786;36.7225;-81.49056;"VA"
1787;34.69306;-77.08222;"NC"
1788;36.70444;-106.23556;"NM"
1789;40.78556;-122.77167;"CA"
1790;34.89833;-76.25639;"NC"
1791;47.38222;-94.60167;"MN"
1792;38.33278;-108.12528;"CO"
1793;46.76722;-121.79444;"WA"
1794;45.30306;-121.86472;"OR"
1795;44.25694;-122.03889;"OR"
1796;46.22819;-86.597;"MI"
1797;43.61028;-115.93806;"ID"
1798;34.18444;-83.99056;"GA"
1799;47.89778;-121.4025;"WA"
1800;47.39944;-121.09361;"WA"
1801;58.00139;-135.77139;"AK"
1802;45.15889;-122.15167;"OR"
1803;47.37861;-94.52139;"MN"
1804;34.51028;-112.38722;"AZ"
1805;47.72111;-121.39556;"WA"
1806;31.7125;-110.85667;"AZ"
1807;47.29167;-113.56441;"MT"
1808;44.77799;-121.99942;"OR"
1809;40.11528;-120.32111;"CA"
1810;47.29278;-120.69778;"WA"
1811;45.12528;-121.5325;"OR"
1812;47.92546;-113.28617;"MT"
1813;47.90944;-113.83528;"MT"
1814;28.985;-81.61944;"FL"
1815;39.05222;-108.09778;"CO"
1816;57.12972;-135.36278;"AK"
1817;46.73111;-121.57028;"WA"
1818;47.59111;-113.70917;"MT"
1819;48.08361;-121.55639;"WA"
1820;37.14528;-106.88306;"CO"
1821;38.87417;-120.60278;"CA"
1822;39.05222;-108.08111;"CO"
1823;38.21333;-107.52324;"CO"
1824;35.65333;-83.58167;"TN"
1825;44.78306;-122.04861;"OR"
1826;43.44583;-124.24444;"OR"
1827;36.42889;-81.15444;"NC"
1828;48.86139;-117.28833;"WA"
1829;40.15605;-122.20407;"CA"
1830;40.45111;-121.29583;"CA"
1831;40.78873;-110.88496;"UT"
1832;36.41862;-93.8882;"AR"
1833;43.43528;-124.24639;"OR"
1834;48.09556;-121.79028;"WA"
1835;36.93639;-84.84028;"KY"
1836;47.73583;-121.33222;"WA"
1837;46.99556;-121.53333;"WA"
1838;37.91978;-79.01006;"VA"
1839;37.77033;-119.08428;"CA"
1840;43.75806;-122.00389;"OR"
1841;40.40361;-123.46722;"CA"
1842;45.12528;-121.5325;"OR"
1843;44.42;-121.73194;"OR"
1844;46.39167;-86.83806;"MI"
1845;44.16222;-122.15333;"OR"
1846;48.90639;-121.81778;"WA"
1847;44.77917;-111.18028;"MT"
1848;40.85167;-122.81139;"CA"
1849;40.44066;-109.25306;"UT"
1850;48.90306;-121.70167;"WA"
1851;44.45944;-83.77361;"MI"
1852;41.81611;-122.12167;"CA"
1853;39.49056;-120.51556;"CA"
1854;43.90861;-115.69639;"ID"
1855;43.46139;-122.0075;"OR"
1856;43.44778;-124.26222;"OR"
1857;32.60611;-97.45222;"TX"
1858;38.58194;-77.37333;"VA"
1859;42.10731;-111.48892;"ID"
1860;44.53389;-121.60861;"OR"
1861;48.03194;-114.90222;"MT"
1862;44.39361;-122.24389;"OR"
1863;38.05556;-105.06972;"CO"
1864;40.49444;-121.4175;"CA"
1865;43.1325;-122.19444;"OR"
1866;48.2725;-113.81778;"MT"
1867;48.26596;-113.81507;"MT"
1868;43.5875;-122.65528;"OR"
1869;43.70611;-121.25694;"OR"
1870;43.70361;-121.255;"OR"
1871;44.55266;-118.9094;"OR"
1872;44.96444;-118.23194;"OR"
1873;44.79639;-118.49833;"OR"
1874;39.30639;-111.28694;"UT"
1875;42.09611;-111.53306;"ID"
1876;45.11889;-119.34639;"OR"
1877;37.46722;-108.21;"CO"
1878;40.565;-121.30528;"CA"
1879;46.48667;-86.68528;"MI"
1880;36.90444;-119.29361;"CA"
1881;46.48028;-115.28944;"ID"
1882;41.23389;-121.98389;"CA"
1883;46.97778;-121.16556;"WA"
1884;48.08222;-121.53389;"WA"
1885;42.73083;-120.90556;"OR"
1886;42.03306;-124.10333;"OR"
1887;43.80667;-122.59722;"OR"
1888;36.89194;-93.10917;"MO"
1889;44.73599;-111.2313;"MT"
1890;44.36389;-121.98889;"OR"
1891;45.87;-121.62722;"WA"
1892;44.71202;-122.15861;"OR"
1893;41.57333;-123.54306;"CA"
1894;37.99667;-122.975;"CA"
1895;43.69972;-122.43167;"OR"
1896;39.13778;-105.46167;"CO"
1897;46.645;-121.2425;"WA"
1898;37.56833;-108.30222;"CO"
1899;44.41944;-121.73833;"OR"
1900;45.18111;-121.69639;"OR"
1901;45.16583;-122.15139;"OR"
1902;32.12333;-97.49806;"TX"
1903;47.45806;-123.60222;"WA"
1904;45.09583;-121.74722;"OR"
1905;45.38194;-121.83444;"OR"
1906;44.53139;-115.29306;"ID"
1907;46.97444;-121.09528;"WA"
1908;45.07361;-121.95694;"OR"
1909;33.86893;-109.41667;"AZ"
1910;45.19111;-122.20667;"OR"
1911;46.96472;-121.26583;"WA"
1912;43.66139;-124.20556;"OR"
1913;36.13528;-105.52917;"NM"
1914;39.005;-106.35333;"CO"
1915;44.97694;-122.08972;"OR"
1916;47.10694;-120.85278;"WA"
1917;37.35278;-106.52806;"CO"
1918;41.26417;-123.68444;"CA"
1919;48.06194;-121.57417;"WA"
1920;38.65056;-108.67361;"CO"
1921;43.90861;-115.69639;"ID"
1922;48.46583;-121.16778;"WA"
1923;39.73778;-122.84722;"CA"
1924;46.1956;-86.56151;"MI"
1925;38.65056;-108.67361;"CO"
1926;46.45083;-121.78778;"WA"
1927;37.35278;-106.52806;"CO"
1928;56.32472;-132.27806;"AK"
1929;38.13889;-106.45611;"CO"
1930;46.21788;-86.58874;"MI"
1931;37.48806;-106.46861;"CO"
1932;44.50058;-120.38719;"OR"
1933;43.71667;-85.62444;"MI"
1934;44.14361;-114.91972;"ID"
1935;43.46083;-122.03028;"OR"
1936;46.71639;-115.25889;"ID"
1937;46.40278;-113.6875;"MT"
1938;46.41056;-113.70194;"MT"
1939;44.96319;-118.23355;"OR"
1940;46.67389;-121.58778;"WA"
1941;35.63083;-83.1125;"NC"
1942;44.37111;-123.835;"OR"
1943;44.06917;-124.10194;"OR"
1944;42.38472;-122.2125;"OR"
1945;48.78389;-117.27861;"WA"
1946;44.39694;-122.07556;"OR"
1947;39.15343;-96.89666;"KS"
1948;43.91012;-121.7617;"OR"
1949;48.09167;-121.78472;"WA"
1950;44.28111;-124.10028;"OR"
1951;43.63139;-124.21194;"OR"
1952;34.65;-118.76667;"CA"
1953;42.88778;-122.67944;"OR"
1954;46.91583;-121.38444;"WA"
1955;36.4203;-93.85541;"AR"
1956;46.73528;-121.97028;"WA"
1957;44.36722;-124.09111;"OR"
1958;48.22111;-121.57722;"WA"
1959;44.18472;-124.115;"OR"
1960;46.6725;-121.03917;"WA"
1961;44.80528;-122.08222;"OR"
1962;46.125;-117.75278;"WA"
1963;45.28389;-123.95972;"OR"
1964;43.45361;-124.27611;"OR"
1965;48.5325;-121.27167;"WA"
1966;47.75861;-120.425;"WA"
1967;48.8525;-119.05083;"WA"
1968;44.00222;-122.17278;"OR"
1969;42.70833;-122.325;"OR"
1970;42.2475;-124.08417;"OR"
1971;44.39167;-122.36667;"OR"
1972;44.63361;-118.2875;"OR"
1973;42.23667;-124.045;"OR"
1974;44.39306;-123.92528;"OR"
1975;45.09917;-121.74889;"OR"
1976;42.34417;-124.16528;"OR"
1977;47.30694;-121.21889;"WA"
1978;46.25;-117.625;"WA"
1979;43.02333;-121.04389;"OR"
1980;44.40528;-122.00583;"OR"
1981;44.87417;-119.66361;"OR"
1982;48.67528;-121.67778;"WA"
1983;44.79667;-118.49806;"OR"
1984;45.14944;-121.71611;"OR"
1985;44.03861;-122.20278;"OR"
1986;46.96083;-121.27667;"WA"
1987;38.70861;-120.59528;"CA"
1988;45.47639;-118.20889;"OR"
1989;42.37222;-122.19694;"OR"
1990;43.70334;-121.76319;"OR"
1991;43.69306;-122.04167;"OR"
1992;32.67361;-93.30556;"LA"
1993;48.09694;-121.39139;"WA"
1994;43.46556;-122.03139;"OR"
1995;46.24163;-86.64718;"MI"
1996;46.85528;-121.30444;"WA"
1997;43.73694;-121.20028;"OR"
1998;40.59583;-73.88583;"NY"
1999;47.07833;-121.58306;"WA"
2000;43.85667;-124.14611;"OR"
2001;45.15262;-122.10953;"OR"
2002;44.41583;-121.75528;"OR"
2003;45.2225;-121.69222;"OR"
2004;33.34167;-116.87861;"CA"
2005;45.07972;-122.04056;"OR"
2006;45.85611;-121.95694;"WA"
2007;48.24845;-121.19455;"WA"
2008;43.95639;-124.11694;"OR"
2009;45.81972;-121.87972;"WA"
2010;39.35722;-122.65333;"CA"
2011;44.87165;-111.344;"MT"
2012;37.54639;-107.19667;"CO"
2013;43.43528;-124.24639;"OR"
2014;44.07472;-122.22472;"OR"
2015;47.54861;-121.54167;"WA"
2016;46.97333;-121.16306;"WA"
2017;48.75583;-117.40583;"WA"
2018;46.91694;-121.23361;"WA"
2019;31.92639;-109.95556;"AZ"
2020;44.35667;-120.13167;"OR"
2021;44.26056;-119.27583;"OR"
2022;40.86333;-109.80833;"UT"
2023;44.00556;-122.25361;"OR"
2024;31.94637;-109.95534;"AZ"
2025;43.93583;-122.10222;"OR"
2026;46.40361;-121.73639;"WA"
2027;47.28167;-120.58556;"WA"
2028;42.9125;-122.73444;"OR"
2029;42.37764;-122.20808;"OR"
2030;45.78667;-117.83167;"OR"
2031;48.07333;-121.59;"WA"
2032;45.88417;-121.99583;"WA"
2033;37.56028;-79.50889;"VA"
2034;46.67028;-90.04972;"MI"
2035;44.91;-118.265;"OR"
2036;45.35222;-109.89639;"MT"
2037;44.49333;-121.64056;"OR"
2038;48.03694;-90.39389;"MN"
2039;47.425;-94.31639;"MN"
2040;45.27;-121.73444;"OR"
2041;45.10944;-121.79306;"OR"
2042;45.29583;-121.73556;"OR"
2043;44.33083;-115.80417;"ID"
2044;37.57583;-79.53417;"VA"
2045;44.43306;-120.33667;"OR"
2046;60.93056;-149.65889;"AK"
2047;36.09167;-94.37083;"AR"
2048;44.3975;-120.42639;"OR"
2049;45.10944;-121.79306;"OR"
2050;45.1475;-121.74583;"OR"
2051;39.41306;-105.75667;"CO"
2052;46.92569;-121.21417;"WA"
2053;47.45111;-94.48333;"MN"
2054;45.32194;-121.90528;"OR"
2055;47.86306;-90.88528;"MN"
2056;45.04333;-122.06056;"OR"
2057;39.13028;-120.41694;"CA"
2058;45.10806;-122.07389;"OR"
2059;46.33889;-121.64694;"WA"
2060;45.16278;-122.15167;"OR"
2061;60.66083;-144.76278;"AK"
2062;47.83676;-90.77314;"MN"
2063;42.12306;-123.125;"OR"
2064;45.16722;-122.12167;"OR"
2065;44.92806;-115.4775;"ID"
2066;44.05972;-122.21972;"OR"
2067;48.51;-117.27139;"WA"
2068;46.18556;-110.40528;"MT"
2069;48.26194;-121.31722;"WA"
2070;44.49167;-121.14917;"OR"
2071;46.63111;-121.26667;"WA"
2072;46.45083;-121.78778;"WA"
2073;44.27139;-118.40139;"OR"
2074;46.4525;-121.78889;"WA"
2075;43.29278;-122.68694;"OR"
2076;29.04249;-81.82083;"FL"
2077;42.95;-122.84972;"OR"
2078;47.35972;-120.85528;"WA"
2079;45.74611;-114.44333;"MT"
2080;47.50611;-112.89111;"MT"
2081;47.8225;-116.09778;"ID"
2082;35.8075;-118.64333;"CA"
2083;42.14028;-123.45583;"OR"
2084;45.39889;-121.64806;"OR"
2085;46.97389;-121.17111;"WA"
2086;47.55083;-120.76611;"WA"
2087;48.92778;-115.79583;"MT"
2088;45.11278;-121.77528;"OR"
2089;47.35484;-121.24343;"WA"
2090;39.51917;-120.99972;"CA"
2091;44.7133;-122.12403;"OR"
2092;45.26528;-111.10139;"MT"
2093;40.42222;-105.62028;"CO"
2094;45.35667;-111.17139;"MT"
2095;43.16111;-122.13306;"OR"
2096;39.51833;-120.9925;"CA"
2097;60.48917;-149.85778;"AK"
2098;34.17444;-116.86639;"CA"
2099;44.18611;-122.09611;"OR"
2100;46.21194;-113.2725;"MT"
2101;43.96306;-121.79583;"OR"
2102;48.59898;-114.16366;"MT"
2103;37.40028;-107.535;"CO"
2104;38.82333;-120.35889;"CA"
2105;60.48333;-149.97028;"AK"
2106;44.7814;-121.99149;"OR"
2107;43.43528;-124.24639;"OR"
2108;41.22111;-122.91028;"CA"
2109;34.30389;-117.01194;"CA"
2110;39.38444;-120.17222;"CA"
2111;38.8682;-120.39746;"CA"
2112;45.29;-110.54;"MT"
2113;37.63;-118.935;"CA"
2114;60.72528;-149.29556;"AK"
2115;48.49917;-116.89417;"ID"
2116;46.20639;-113.29;"MT"
2117;40.49167;-112.57833;"UT"
2118;45.46222;-110.95861;"MT"
2119;46.42306;-121.47361;"WA"
2120;46.33352;-111.24068;"MT"
2121;48.57361;-118.48917;"WA"
2122;45.53361;-111.015;"MT"
2123;42.11306;-123.03278;"OR"
2124;39.13111;-120.78194;"CA"
2125;39.25278;-120.65167;"CA"
2126;46.20056;-117.56806;"WA"
2127;34.14889;-116.70944;"CA"
2128;46.84139;-110.69417;"MT"
2129;45.15556;-111.55556;"MT"
2130;46.62083;-121.13222;"WA"
2131;45.41;-113.68306;"MT"
2132;35.87389;-118.56861;"CA"
2133;47.45;-113.56639;"MT"
2134;48.22917;-113.33028;"MT"
2135;43.41389;-122.11667;"OR"
2136;48.84583;-115.35833;"MT"
2137;47.68056;-122.9925;"WA"
2138;47.72389;-115.64528;"MT"
2139;45.69389;-113.93417;"MT"
2140;48.77111;-114.27889;"MT"
2141;34.26528;-117.08333;"CA"
2142;41.71028;-79.165;"PA"
2143;45.49167;-109.95833;"MT"
2144;37.65;-118.95917;"CA"
2145;48.02194;-120.64222;"WA"
2146;45.62722;-109.8275;"MT"
2147;46.43417;-115.21917;"ID"
2148;48.85806;-114.5975;"MT"
2149;46.25;-117.61667;"WA"
2150;45.75778;-114.04417;"MT"
2151;55.36639;-132.72583;"AK"
2152;48.74028;-121.59667;"WA"
2153;37.12583;-118.4325;"CA"
2154;44.3775;-121.87083;"OR"
2155;37.59917;-118.99694;"CA"
2156;47.39833;-121.09861;"WA"
2157;43.99778;-121.78667;"OR"
2158;45.94472;-121.75833;"WA"
2159;46.99028;-121.09778;"WA"
2160;41.84306;-123.93056;"CA"
2161;34.26722;-117.16333;"CA"
2162;46.34;-115.30667;"ID"
2163;37.65;-118.96167;"CA"
2164;40.30889;-121.42667;"CA"
2165;47.63333;-116.27944;"ID"
2166;37.78306;-119.12639;"CA"
2167;46.67556;-121.07639;"WA"
2168;39.37778;-120.16056;"CA"
2169;46.0227;-114.17814;"MT"
2170;45.15556;-111.55556;"MT"
2171;45.02222;-122.06944;"OR"
2172;43.45444;-124.26722;"OR"
2173;48.90222;-121.91806;"WA"
2174;48.67194;-121.67861;"WA"
2175;46.45083;-121.78778;"WA"
2176;46.63806;-114.29917;"MT"
2177;47.67806;-120.73083;"WA"
2178;38.82694;-120.39;"CA"
2179;36.12417;-118.54972;"CA"
2180;45.635;-114.91278;"ID"
2181;36.1875;-118.6625;"CA"
2182;39.63306;-120.63778;"CA"
2183;48.86139;-117.28278;"WA"
2184;46.42972;-121.98694;"WA"
2185;38.88306;-120.4;"CA"
2186;45.62389;-114.30194;"MT"
2187;46.28083;-121.59861;"WA"
2188;35.70139;-118.45444;"CA"
2189;40.87194;-122.38806;"CA"
2190;47.4527;-113.6052;"MT"
2191;38.975;-120.39167;"CA"
2192;43.95639;-124.11694;"OR"
2193;45.95;-121.93667;"WA"
2194;38.98333;-120.33;"CA"
2195;47.03194;-116.57194;"ID"
2196;38.90417;-120.5875;"CA"
2197;39.48556;-120.54778;"CA"
2198;47.41194;-121.44278;"WA"
2199;45.96944;-121.66083;"WA"
2200;33.79167;-116.73194;"CA"
2201;42.40583;-122.39111;"OR"
2202;39.5675;-120.74472;"CA"
2203;48.71417;-121.69361;"WA"
2204;43.54343;-122.36638;"OR"
2205;45.765;-114.28056;"MT"
2206;48.72278;-121.67222;"WA"
2207;33.57611;-116.45472;"CA"
2208;47.38556;-115.39556;"MT"
2209;46.97917;-112.49472;"MT"
2210;41.29861;-123.36389;"CA"
2211;32.8875;-116.44083;"CA"
2212;44.96222;-118.23056;"OR"
2213;48.07056;-121.65556;"WA"
2214;48.36806;-116.185;"ID"
2215;47.84444;-116.25222;"ID"
2216;45.34222;-110.23222;"MT"
2217;37.9642;-119.2724;"CA"
2218;43.72833;-121.42333;"OR"
2219;34.225;-116.91417;"CA"
2220;47.34972;-121.10333;"WA"
2221;48.94028;-116.68833;"ID"
2222;47.33222;-115.34333;"MT"
2223;45.05028;-117.43556;"OR"
2224;42.59389;-124.12833;"OR"
2225;45.20557;-112.64254;"MT"
2226;43.31278;-122.19722;"OR"
2227;48.10972;-115.78139;"MT"
2228;47.99333;-123.0825;"WA"
2229;46.125;-117.375;"WA"
2230;43.90487;-122.08333;"OR"
2231;47.83889;-121.27167;"WA"
2232;34.27333;-116.97056;"CA"
2233;47.96389;-112.80722;"MT"
2234;45.54111;-110.91944;"MT"
2235;46.44861;-112.96;"MT"
2236;47.80278;-116.00944;"ID"
2237;42.625;-124.125;"OR"
2238;42.31417;-120.15556;"OR"
2239;48.5625;-115.91694;"MT"
2240;46.14489;-115.97792;"ID"
2241;55.43389;-131.68333;"AK"
2242;45.1625;-109.39167;"MT"
2243;40.21694;-121.16778;"CA"
2244;34.15861;-116.78583;"CA"
2245;43.88389;-124.14306;"OR"
2246;44.86139;-111.37278;"MT"
2247;37.79694;-119.06167;"CA"
2248;37.34417;-119.33111;"CA"
2249;39.54944;-120.31639;"CA"
2250;40.54785;-120.78306;"CA"
2251;41.87194;-123.84667;"CA"
2252;37.64917;-118.95528;"CA"
2253;39.48556;-120.55028;"CA"
2254;44.58778;-121.44861;"OR"
2255;37.36278;-119.53861;"CA"
2256;43.23556;-122.92139;"OR"
2257;39.47056;-120.11639;"CA"
2258;40.0175;-121.07306;"CA"
2259;45.05833;-109.41222;"MT"
2260;39.86556;-120.16611;"CA"
2261;45.05611;-109.41278;"MT"
2262;37.26028;-119.35278;"CA"
2263;37.30056;-119.54139;"CA"
2264;38.93167;-78.32083;"VA"
2265;32.88722;-116.44639;"CA"
2266;36.78111;-118.90278;"CA"
2267;38.1875;-119.9875;"CA"
2268;45.10139;-109.30222;"MT"
2269;43.34028;-122.72639;"OR"
2270;37.39278;-119.58167;"CA"
2271;38.89028;-120.37722;"CA"
2272;39.11444;-120.15861;"CA"
2273;34.15556;-116.78306;"CA"
2274;44.28972;-119.13139;"OR"
2275;42.01611;-123.45944;"OR"
2276;42.40833;-122.39167;"OR"
2277;40.85139;-122.85028;"CA"
2278;39.31222;-111.42944;"UT"
2279;44.37722;-123.75861;"OR"
2280;39.46639;-120.12861;"CA"
2281;60.78667;-148.8775;"AK"
2282;60.63556;-149.49583;"AK"
2283;39.73528;-120.95306;"CA"
2284;45.11528;-121.77056;"OR"
2285;43.58306;-124.18472;"OR"
2286;39.88472;-120.23667;"CA"
2287;37.2525;-119.17694;"CA"
2288;37.5525;-118.67917;"CA"
2289;39.50083;-120.5325;"CA"
2290;35.64917;-118.425;"CA"
2291;39.13889;-120.79222;"CA"
2292;46.50194;-114.71722;"ID"
2293;43.88194;-124.12167;"OR"
2294;38.53389;-120.21889;"CA"
2295;43.79639;-124.1475;"OR"
2296;37.23806;-119.22778;"CA"
2297;40.84833;-122.34583;"CA"
2298;38.76;-120.52056;"CA"
2299;44.57861;-121.67972;"OR"
2300;60.40778;-149.35972;"AK"
2301;40.91583;-122.24083;"CA"
2302;45.0775;-122.04333;"OR"
2303;43.49444;-121.96194;"OR"
2304;36.12083;-118.54722;"CA"
2305;59.63;-139.39583;"AK"
2306;36.12917;-118.61806;"CA"
2307;60.42;-145.47139;"AK"
2308;57.13829;-135.56614;"AK"
2309;38.53306;-120.23472;"CA"
2310;45.79778;-121.63917;"WA"
2311;55.56139;-132.61083;"AK"
2312;38.41639;-120.105;"CA"
2313;60.84306;-148.39583;"AK"
2314;55.95806;-133.20444;"AK"
2315;56.18667;-131.88639;"AK"
2316;46.11306;-110.47139;"MT"
2317;40.54861;-120.78139;"CA"
2318;60.47639;-149.57444;"AK"
2319;57.06806;-134.89389;"AK"
2320;57.70138;-134.27785;"AK"
2321;55.0275;-130.54;"AK"
2322;59.55626;-139.51226;"AK"
2323;37.68611;-119.09361;"CA"
2324;57.46694;-135.27;"AK"
2325;60.57619;-149.87203;"AK"
2326;57.40359;-135.10761;"AK"
2327;46.00306;-110.44139;"MT"
2328;47.59333;-123.11361;"WA"
2329;56.95278;-133.27694;"AK"
2330;58.76944;-134.93194;"AK"
2331;56.83889;-133.37222;"AK"
2332;60.35703;-149.89164;"AK"
2333;56.61178;-132.49257;"AK"
2334;56.61243;-132.49312;"AK"
2335;56.01083;-132.97444;"AK"
2336;55.455;-130.90583;"AK"
2337;46.06556;-114.24389;"MT"
2338;55.0225;-132.17056;"AK"
2339;59.20167;-138.45111;"AK"
2340;45.28944;-110.54528;"MT"
2341;58.31361;-133.70556;"AK"
2342;56.12472;-131.88361;"AK"
2343;56.2625;-133.1925;"AK"
2344;59.24833;-138.50278;"AK"
2345;55.8925;-131.64917;"AK"
2346;39.89583;-120.17639;"CA"
2347;46.94278;-121.32556;"WA"
2348;43.79639;-121.76083;"OR"
2349;39.29917;-120.20361;"CA"
2350;43.88056;-124.14028;"OR"
2351;43.87528;-124.14417;"OR"
2352;39.49083;-120.24389;"CA"
2353;37.44028;-119.54389;"CA"
2354;37.29722;-119.53389;"CA"
2355;40.19528;-120.61722;"CA"
2356;35.87778;-118.45639;"CA"
2357;35.65167;-118.48611;"CA"
2358;42.29111;-120.19222;"OR"
2359;39.88722;-120.4725;"CA"
2360;37.29111;-119.35944;"CA"
2361;43.79667;-124.1475;"OR"
2362;37.25278;-119.17778;"CA"
2363;46.69333;-120.9075;"WA"
2364;39.14444;-120.78472;"CA"
2365;43.58111;-122.64139;"OR"
2366;37.35861;-118.9975;"CA"
2367;37.25194;-119.17694;"CA"
2368;44.175;-122.175;"OR"
2369;46.98111;-121.13972;"WA"
2370;46.00028;-121.54639;"WA"
2371;42.61417;-120.78889;"OR"
2372;45.64167;-121.93083;"OR"
2373;45.32306;-121.47222;"OR"
2374;37.405;-119.56056;"CA"
2375;44.18722;-119.32278;"OR"
2376;45.40472;-121.45833;"OR"
2377;44.79694;-118.49806;"OR"
2378;39.48667;-120.5475;"CA"
2379;47.56389;-120.78083;"WA"
2380;47.01139;-121.13028;"WA"
2381;44.34278;-83.66444;"MI"
2382;39.22306;-120.20083;"CA"
2383;38.77558;-106.62753;"CO"
2384;35.92889;-118.49222;"CA"
2385;25.85139;-80.98722;"FL"
2386;38.21089;-112.43155;"UT"
2387;44.64242;-121.94533;"OR"
2388;34.20194;-116.76722;"CA"
2389;29.88889;-98.29278;"TX"
2390;60.70333;-149.7525;"AK"
2391;55.54028;-130.52333;"AK"
2392;55.56056;-132.57611;"AK"
2393;57.90449;-134.65336;"AK"
2394;57.16306;-135.74194;"AK"
2395;44.41095;-121.74728;"OR"
2396;46.15664;-121.87845;"WA"
2397;37.825;-119.86111;"CA"
2398;55.62733;-131.97596;"AK"
2399;36.56694;-85.47861;"TN"
2400;37.66333;-119.84444;"CA"
2401;46.17167;-113.16389;"MT"
2402;48.72278;-121.67222;"WA"
2403;37.45382;-118.73901;"CA"
2404;34.24671;-117.11082;"CA"
2405;56.56444;-133.05861;"AK"
2406;56.64306;-133.25889;"AK"
2407;34.39472;-117.72944;"CA"
2408;34.54222;-119.81278;"CA"
2409;55.46722;-132.85556;"AK"
2410;39.73528;-120.95306;"CA"
2411;39.4225;-120.07861;"CA"
2412;25.86526;-81.11398;"FL"
2413;56.48222;-132.14306;"AK"
2414;45.35139;-111.17139;"MT"
2415;56.59806;-132.41778;"AK"
2416;60.61494;-149.84142;"AK"
2417;60.28889;-147.39556;"AK"
2418;34.07167;-116.38917;"CA"
2419;34.39056;-117.72333;"CA"
2420;35.88667;-106.64611;"NM"
2421;58.39083;-134.0125;"AK"
2422;60.55192;-149.89378;"AK"
2423;55.176;-131.80565;"AK"
2424;48.07444;-121.71833;"WA"
2425;57.00778;-133.33222;"AK"
2426;55.58833;-131.09861;"AK"
2427;57.70162;-134.2765;"AK"
2428;56.58944;-134.86;"AK"
2429;55.02167;-132.17833;"AK"
2430;58.50917;-134.72278;"AK"
2431;58.17638;-134.56186;"AK"
2432;56.58944;-132.43444;"AK"
2433;60.36928;-149.97478;"AK"
2434;56.53028;-133.14194;"AK"
2435;37.23806;-119.22778;"CA"
2436;59.55418;-139.51272;"AK"
2437;46.73361;-114.40028;"MT"
2438;55.69444;-132.86361;"AK"
2439;55.48972;-131.09111;"AK"
2440;45.71306;-113.88;"MT"
2441;55.83167;-132.88944;"AK"
2442;45.70222;-114.71667;"ID"
2443;37.52361;-118.71194;"CA"
2444;56.86806;-133.16806;"AK"
2445;56.0618;-131.97128;"AK"
2446;45.88472;-113.7175;"MT"
2447;60.71464;-148.224;"AK"
2448;48.87778;-114.51167;"MT"
2449;34.23045;-94.25138;"AR"
2450;47.19573;-114.8929;"MT"
2451;45.30778;-110.92333;"MT"
2452;57.63594;-134.38643;"AK"
2453;56.71528;-132.105;"AK"
2454;37.66333;-119.84444;"CA"
2455;57.81303;-134.57966;"AK"
2456;55.65091;-131.9796;"AK"
2457;57.39167;-135.59389;"AK"
2458;45.49639;-111.14889;"MT"
2459;32.64944;-109.81861;"AZ"
2460;46.79194;-109.51167;"MT"
2461;56.78278;-133.98722;"AK"
2462;55.39167;-131.19361;"AK"
2463;55.36389;-132.19528;"AK"
2464;57.80611;-136.33889;"AK"
2465;48.07389;-121.69667;"WA"
2466;56.63806;-133.15889;"AK"
2467;44.91583;-111.35583;"MT"
2468;56.66444;-132.23917;"AK"
2469;32.59167;-109.84944;"AZ"
2470;55.58381;-131.54102;"AK"
2471;56.87917;-135.34139;"AK"
2472;46.29167;-113.01944;"MT"
2473;46.84833;-110.29056;"MT"
2474;56.79444;-135.29667;"AK"
2475;39.14083;-111.45806;"UT"
2476;56.27917;-131.84861;"AK"
2477;39.67889;-105.49278;"CO"
2478;55.95222;-132.93861;"AK"
2479;60.46861;-145.19278;"AK"
2480;40.86667;-122.25306;"CA"
2481;36.23278;-118.70028;"CA"
2482;32.66694;-109.87444;"AZ"
2483;45.9625;-121.60889;"WA"
2484;60.98444;-148.19833;"AK"
2485;30.73;-97.33972;"TX"
2486;47.76639;-116.01667;"ID"
2487;56.20389;-131.61556;"AK"
2488;60.62472;-145.54611;"AK"
2489;56.62083;-134.84083;"AK"
2490;41.80917;-123.74;"CA"
2491;44.8875;-111.19667;"MT"
2492;60.34806;-146.29611;"AK"
2493;45.48;-111.04417;"MT"
2494;55.42778;-130.81944;"AK"
2495;56.09222;-133.50194;"AK"
2496;44.88222;-112.1375;"MT"
2497;40.94472;-123.65833;"CA"
2498;48.51056;-116.91639;"ID"
2499;43.46167;-122.01667;"OR"
2500;35.4275;-120.73833;"CA"
2501;43.71194;-121.27611;"OR"
2502;44.16361;-122.28167;"OR"
2503;44.17402;-122.05357;"OR"
2504;34.94167;-83.0875;"SC"
2505;31.25111;-97.47306;"TX"
2506;39.10481;-108.73286;"CO"
2507;44.69694;-118.01861;"OR"
2508;36.6891;-118.9504;"CA"
2509;46.21944;-86.62833;"MI"
2510;33.46389;-116.97083;"CA"
2511;39.99472;-107.24278;"CO"
2512;36.51744;-118.80038;"CA"
2513;44.48194;-121.63917;"OR"
2514;47.28;-121.08556;"WA"
2515;36.52106;-118.7626;"CA"
2516;44.49611;-109.95111;"WY"
2517;35.99167;-121.49417;"CA"
2518;34.71129;-111.52051;"AZ"
2519;39.66042;-77.48186;"MD"
2520;36.005;-121.37639;"CA"
2521;43.5825;-122.045;"OR"
2522;36.72333;-105.44833;"NM"
2523;43.96167;-122.07917;"OR"
2524;33.765;-94.05861;"AR"
2525;43.73444;-121.78889;"OR"
2526;37.65972;-108.27611;"CO"
2527;43.92583;-122.5725;"OR"
2528;44.46222;-109.66833;"WY"
2529;44.2011;-122.26297;"OR"
2530;60.38722;-151.04806;"AK"
2531;31.385;-111.05194;"AZ"
2532;39.03773;-105.6074;"CO"
2533;45.65478;-116.03956;"ID"
2534;37.65111;-108.29694;"CO"
2535;46.26806;-89.08639;"MI"
2536;48.07;-121.67667;"WA"
2537;37.48944;-106.47167;"CO"
2538;42.32333;-113.64694;"ID"
2539;37.48333;-118.71667;"CA"
2540;32.53833;-110.71639;"AZ"
2541;44.66139;-118.70056;"OR"
2542;47.31936;-113.57734;"MT"
2543;46.16111;-86.59056;"MI"
2544;44.48694;-83.79611;"MI"
2545;43.70611;-122.69194;"OR"
2546;31.43389;-110.45278;"AZ"
2547;30.32278;-87.27417;"FL"
2548;39.03194;-108.01056;"CO"
2549;33.38653;-116.79137;"CA"
2550;36.46639;-121.17611;"CA"
2551;39.37278;-106.81389;"CO"
2552;40.4224;-109.24473;"UT"
2553;34.465;-112.44139;"AZ"
2554;39.37667;-106.81389;"CO"
2555;35.97438;-92.1772;"AR"
2556;38.5525;-77.34917;"VA"
2557;39.63964;-77.4463;"MD"
2558;39.5889;-120.07361;"CA"
2559;47.16056;-98.01028;"ND"
2560;36.08361;-93.23306;"AR"
2561;35.98667;-92.76389;"AR"
2562;38.44544;-109.04307;"CO"
2563;38.23697;-112.45907;"UT"
2564;47.32884;-94.57971;"MN"
2565;31.55299;-97.24208;"TX"
2566;38.25694;-112.54333;"UT"
2567;37.77139;-107.97722;"CO"
2568;37.61194;-112.82917;"UT"
2569;45.81861;-122.25;"WA"
2570;45.39889;-121.64806;"OR"
2571;37.82111;-120.04861;"CA"
2572;42.70096;-111.1989;"ID"
2573;42.93648;-109.76;"WY"
2574;39.83361;-109.94167;"UT"
2575;44.175;-111.31389;"ID"
2576;46.23528;-115.63528;"ID"
2577;34.10972;-118.93722;"CA"
2578;25.7612;-80.91938;"FL"
2579;40.52917;-121.56389;"CA"
2580;46.79653;-109.51086;"MT"
2581;36.78722;-118.66528;"CA"
2582;47.82836;-115.771;"MT"
2583;43.99556;-71.33722;"NH"
2584;57.90028;-135.15759;"AK"
2585;46.21992;-115.52708;"ID"
2586;34.0575;-95.38472;"OK"
2587;44.4025;-122.29861;"OR"
2588;35.79611;-106.27917;"NM"
2589;36.73778;-118.96472;"CA"
2590;37.37861;-113.47;"UT"
2591;44.40278;-122.07556;"OR"
2592;35.83278;-106.35694;"NM"
2593;47.58611;-120.80703;"WA"
2594;39.59417;-122.52944;"CA"
2595;40.76514;-105.61187;"CO"
2596;38.77678;-119.89461;"CA"
2597;30.69594;-97.82712;"TX"
2598;33.345;-116.88;"CA"
2599;37.98556;-119.91694;"CA"
2600;31.44417;-93.76972;"TX"
2601;46.61766;-111.64013;"MT"
2602;40.55502;-120.77441;"CA"
2603;36.7703;-105.2054;"NM"
2604;44.20417;-85.79611;"MI"
2605;34.73278;-89.33972;"MS"
2606;48.31021;-113.96261;"MT"
2607;43.49778;-123.49306;"OR"
2608;43.38361;-122.94639;"OR"
2609;46.65794;-111.70772;"MT"
2610;36.83139;-80.34444;"VA"
2611;48.25139;-113.46361;"MT"
2612;39.30149;-111.29724;"UT"
2613;37.4775;-107.54667;"CO"
2614;39.6275;-106.2725;"CO"
2615;34.98167;-76.94861;"NC"
2616;39.51391;-105.71;"CO"
2617;37.60306;-118.99889;"CA"
2618;48.72889;-121.65722;"WA"
2619;44.49194;-121.14639;"OR"
2620;48.30528;-113.98056;"MT"
2621;37.39028;-107.54;"CO"
2622;44.35778;-85.80917;"MI"
2623;39.88806;-121.14111;"CA"
2624;34.30443;-110.74535;"AZ"
2625;35.65333;-83.5775;"TN"
2626;44.77583;-115.94389;"ID"
2627;40.91111;-109.31528;"UT"
2628;31.42917;-110.29056;"AZ"
2629;46.65636;-111.73482;"MT"
2630;39.52222;-111.25104;"UT"
2631;32.335;-110.69583;"AZ"
2632;31.90083;-109.16083;"AZ"
2633;31.73333;-110.71667;"AZ"
2634;46.48667;-86.68528;"MI"
2635;44.35389;-115.78278;"ID"
2636;42.8648;-122.5119;"OR"
2637;44.19333;-116.11278;"ID"
2638;47.89667;-120.69889;"WA"
2639;46.52108;-111.58788;"MT"
2640;32.40993;-110.71516;"AZ"
2641;45.48934;-115.87458;"ID"
2642;47.68806;-115.92667;"ID"
2643;39.36088;-106.73869;"CO"
2644;36.41111;-112.13472;"AZ"
2645;37.44315;-79.60471;"VA"
2646;44.23861;-68.30278;"ME"
2647;42.16698;-122.46413;"OR"
2648;42.8152;-124.41093;"OR"
2649;44.04225;-122.20839;"OR"
2650;43.81833;-121.49861;"OR"
2651;25.88389;-81.21889;"FL"
2652;34.5175;-112.39028;"AZ"
2653;44.37216;-121.88274;"OR"
2654;39.05306;-108.09361;"CO"
2655;36.30028;-118.81028;"CA"
2656;40.34417;-123.40306;"CA"
2657;48.35442;-115.03836;"MT"
2658;37.92972;-78.97972;"VA"
2659;34.32389;-118.01778;"CA"
2660;32.66361;-109.87111;"AZ"
2661;35.96806;-111.94639;"AZ"
2662;29.1825;-102.96083;"TX"
2663;46.47174;-86.65518;"MI"
2664;42.07278;-72.06278;"MA"
2665;29.275;-103.30417;"TX"
2666;34.0406;-120.34909;"CA"
2667;32.66361;-109.87111;"AZ"
2668;39.12083;-111.60056;"UT"
2669;44.19389;-106.94222;"WY"
2670;35.15361;-84.60889;"TN"
2671;31.89855;-109.16236;"AZ"
2672;44.923;-115.946;"ID"
2673;31.75361;-109.35806;"AZ"
2674;43.05231;-122.64561;"OR"
2675;37.57583;-79.53417;"VA"
2676;44.81389;-121.79028;"OR"
2677;37.24972;-80.52833;"VA"
2678;44.18972;-107.00444;"WY"
2679;41.52639;-106.38917;"WY"
2680;37.89315;-108.15862;"CO"
2681;37.8436;-107.88233;"CO"
2682;38.89126;-95.37549;"KS"
2683;42.91624;-122.43533;"OR"
2684;42.91028;-122.45;"OR"
2685;42.39274;-122.32302;"OR"
2686;42.39421;-122.31823;"OR"
2687;47.4485;-123.8037;"WA"
2688;38.23778;-112.46894;"UT"
2689;34.30108;-110.31322;"AZ"
2690;30.39782;-88.79552;"MS"
2691;35.81528;-118.45722;"CA"
2692;37.33706;-80.32642;"VA"
2693;55.35667;-132.51833;"AK"
2694;35.80306;-118.45194;"CA"
2695;47.7996;-120.716;"WA"
2696;47.55083;-120.76611;"WA"
2697;36.60139;-112.34972;"AZ"
2698;39.09167;-106.94167;"CO"
2699;36.20562;-82.34773;"TN"
2700;36.30972;-82.11528;"TN"
2701;38.7175;-79.58417;"WV"
2702;44.34028;-121.99917;"OR"
2703;36.13139;-115.38389;"NV"
2704;45.64222;-121.92528;"OR"
2705;32.01111;-109.35528;"AZ"
2706;38.68653;-96.49225;"KS"
2707;36.17538;-82.52737;"TN"
2708;44.20477;-122.2586;"OR"
2709;44.05778;-122.21981;"OR"
2710;45.69028;-121.77222;"OR"
2711;41.21966;-122.91031;"CA"
2712;46.79944;-120.46139;"WA"
2713;44.28276;-106.99053;"WY"
2714;36.74468;-118.96179;"CA"
2715;39.31056;-120.49667;"CA"
2716;46.95;-103.53222;"ND"
2717;39.47417;-77.74444;"MD"
2718;47.00694;-103.50556;"ND"
2719;39.63964;-77.4463;"MD"
2720;45.26858;-88.64566;"WI"
2721;35.80028;-75.545;"NC"
2722;36.79647;-43.96128;"AR"
2723;36.64108;-84.52364;"TN"
2724;43.48503;-123.48427;"OR"
2725;45.24056;-111.87139;"MT"
2726;36.68;-105.5142;"NM"
2727;44.13639;-123.06472;"OR"
2728;44.68779;-122.00935;"OR"
2729;43.71472;-121.77278;"OR"
2730;43.915;-121.76806;"OR"
2731;44.13639;-123.06472;"OR"
2732;35.11688;-84.57501;"TN"
2733;43.76806;-121.83417;"OR"
2734;47.43;-123.78139;"WA"
2735;43.31126;-122.5527;"OR"
2736;43.29278;-122.68694;"OR"
2737;47.01139;-12.29694;"WA"
2738;35.6761;-82.1992;"NC"
2739;43.27361;-122.40389;"OR"
2740;39.745;-120.9875;"CA"
2741;45.14417;-121.77528;"OR"
2742;45.48889;-121.82194;"OR"
2743;35.98583;-106.8125;"NM"
2744;36.7084;-105.4493;"NM"
2745;35.99667;-106.8075;"NM"
2746;43.33889;-122.80444;"OR"
2747;39.745;-120.9875;"CA"
2748;36.79417;-118.90778;"CA"
2749;58.37556;-134.70944;"AK"
2750;43.78611;-121.83611;"OR"
2751;35.23459;-75.60881;"NC"
2752;44.13639;-123.06472;"OR"
2753;33.70585;-93.93535;"AR"
2754;43.96226;-121.78657;"OR"
2755;43.29667;-122.89333;"OR"
2756;45.07639;-112.79028;"MT"
2757;47.00694;-98.74139;"ND"
2758;45.94972;-86.24097;"MI"
2759;33.99105;-120.04815;"CA"
2760;38.97868;-77.21607;"MD"
2761;43.70722;-122.7425;"OR"
2762;37.38;-91.27;"MO"
2763;41.65917;-111.67444;"UT"
2764;36.28416;-87.14508;"TN"
2765;46.27083;-86.65139;"MI"
2766;42.06968;-123.01188;"OR"
2767;44.13639;-123.06472;"OR"
2768;44.30919;-121.63063;"OR"
2769;43.71222;-121.24333;"OR"
2770;44.55056;-121.62222;"OR"
2771;45.41633;-88.71372;"WI"
2772;43.16957;-122.16759;"OR"
2773;43.45919;-121.99653;"OR"
2774;37.5756;-79.3388;"VA"
2775;38.16879;-109.76004;"UT"
2776;36.97333;-90.60167;"MO"
2777;44.52803;-121.62734;"OR"
2778;46.45386;-86.67934;"MI"
2779;41.34389;-122.25333;"CA"
2780;38.76639;-120.4825;"UT"
2781;44.71181;-122.11626;"OR"
2782;43.96335;-121.78567;"OR"
2783;46.47724;-86.63106;"MI"
2784;38.84191;-120.23521;"CA"
2785;41.08403;-74.97458;"PA"
2786;44.4;-122.33853;"OR"
2787;43.82444;-72.90889;"VT"
2788;46.49736;-86.68208;"MI"
2789;40.86667;-109.73333;"UT"
2790;46.47736;-86.62966;"MI"
2791;42.11699;-123.08739;"OR"
2792;46.55485;-86.66323;"MI"
2793;43.8377;-121.83335;"OR"
2794;44.77065;-122.07732;"OR"
2795;43.80102;-121.86307;"OR"
2796;47.43959;-113.60917;"MT"
2797;36.69786;-81.50384;"VA"
2798;36.25722;-82.11083;"TN"
2799;60.70856;-149.00275;"AK"
2800;42.47;-122.25;"OR"
2801;36.59389;-81.815;"TN"
2802;35.15375;-84.60912;"TN"
2803;39.92472;-111.63306;"UT"
2804;38.27915;-111.25139;"UT"
2805;39.82528;-77.24389;"PA"
2806;42.86667;-120.83438;"OR"
2807;33.87231;-110.97747;"AZ"
2808;38.98389;-76.89333;"MD"
2809;46.445;-121.86806;"WA"
2810;46.97734;-121.16243;"WA"
2811;43.05556;-122.64722;"OR"
2812;44.38149;-68.06836;"ME"
2813;59.88684;-149.65623;"AK"
2814;39.89353;-120.42368;"CA"
2815;37.4952;-107.2267;"CO"
2816;38.81047;-109.30759;"UT"
2817;43.72306;-85.9025;"MI"
2818;43.31278;-122.19722;"OR"
2819;38.47661;-109.47242;"UT"
2820;38.73829;-109.35177;"UT"
2821;38.57575;-109.63341;"UT"
2822;38.60967;-109.55782;"UT"
2823;38.63654;-109.76525;"UT"
2824;38.58431;-109.81424;"UT"
2825;38.64864;-109.47976;"UT"
2826;38.48108;-109.60219;"UT"
2827;38.17751;-109.4622;"UT"
2828;43.31824;-122.09611;"OR"
2829;38.09927;-83.50235;"KY"
2830;43.31278;-122.19802;"OR"
2831;48.79668;-113.67734;"MT"
2832;33.83585;-80.828;"SC"
2833;43.31211;-122.15535;"OR"
2834;45.60831;-113.97061;"ID"
2835;34.59;-112.55917;"AZ"
2836;36.585;-112.54694;"AZ"
2837;43.30722;-122.72639;"OR"
2838;43.80917;-113.84306;"ID"
2839;43.27382;-122.4041;"OR"
2840;47.96675;-123.85783;"WA"
2841;48.82771;-115.81448;"MT"
2842;37.61286;-79.9576;"VA"
2843;30.27715;-84.9866;"FL"
2844;30.21288;-82.42453;"FL"
2845;29.99943;-85.0018;"FL"
2846;37.60083;-80.21889;"VA"
2847;44.49167;-121.14917;"OR"
2848;44.30972;-68.20806;"ME"
2849;35.57444;-118.52556;"CA"
2850;32.7668;-90.78343;"MS"
2851;42.37726;-122.36051;"OR"
2852;46.48628;-86.64651;"MI"
2853;46.49095;-86.68299;"MI"
2854;46.55621;-86.69277;"MI"
2855;46.47174;-86.6514;"MI"
2856;47.54603;-101.30999;"ND"
2857;39.60945;-77.96991;"MD"
2858;37.67444;-26.49;"VA"
2859;65.4275;-147.24336;"AK"
2860;42.49279;-122.41763;"OR"
2861;46.4835;-86.64538;"MI"
2862;56.395;-132.64722;"AK"
2863;38.75922;-109.32404;"UT"
2864;46.60842;-111.38886;"MT"
2865;48.16853;-113.79099;"MT"
2866;37.14972;-82.41006;"VA"
2867;34.60247;-112.53869;"AZ"
2868;39.54158;-78.45969;"MD"
2869;47.61823;-101.26196;"ND"
2870;46.49816;-86.64229;"MI"
2871;46.55674;-86.65293;"MI"
2872;43.5012;-121.97;"OR"
2873;35.07611;-84.48556;"TN"
2874;35.23621;-75.9225;"NC"
2875;38.23411;-78.72161;"VA"
2876;46.86302;-112.46477;"MT"
2877;46.47112;-86.64616;"MI"
2878;40.34508;-78.14223;"PA"
2879;42.50089;-122.40344;"OR"
2880;39.62473;-78.38484;"MD"
2881;45.51232;-88.51368;"WI"
2882;41.69556;-79.25778;"PA"
2883;40.00694;-107.42611;"CO"
2884;46.47712;-86.6519;"MI"
2885;46.49576;-86.6823;"MI"
2886;39.54021;-120.18786;"CA"
2887;39.56464;-78.71791;"MD"
2888;48.79246;-119.05742;"WA"
2889;36.79028;-118.67194;"CA"
2890;37.14972;-82.41006;"VA"
2891;38.98969;-114.22133;"NV"
2892;36.06789;-84.66278;"TN"
2893;45.70419;-88.50678;"WI"
2894;41.48006;-79.44315;"PA"
2895;41.54499;-79.25583;"PA"
2896;46.19557;-113.3022;"MT"
2897;39.41907;-77.74654;"MD"
2898;46.55343;-86.69681;"MI"
2899;37.14939;-90.80816;"MO"
2900;37.31322;-105.13897;"CA"
2901;37.32536;-105.13886;"CA"
2902;43.74694;-122.00745;"OR"
2903;38.73829;-109.35177;"UT"
2904;45.99121;-88.97609;"WI"
2905;46.01139;-89.01092;"WI"
2906;45.88924;-88.95748;"WI"
2907;45.88525;-88.56229;"WI"
2908;45.81633;-89.10992;"WI"
2909;41.24486;-122.02326;"CA"
2910;44.7054;-122.17619;"OR"
2911;43.47278;-113.56694;"ID"
2912;44.04083;-99.43944;"SD"
2913;35.68986;-93.95636;"AR"
2914;48.68958;-121.09606;"WA"
2915;44.32056;-123.48782;"OR"
2916;34.39494;-83.98678;"GA"
2917;41.58584;-121.58557;"CA"
2918;38.55388;-109.58693;"UT"
2919;34.30542;-110.90917;"AZ"
2920;46.98048;-121.09582;"WA"
2921;34.30481;-110.88542;"AZ"
2922;43.919;-73.0271;"VT"
2923;34.32143;-110.95667;"AZ"
2924;36.71814;-118.83306;"CA"
2925;34.50617;-112.47768;"AZ"
